post_id,status,title,date,author,content_chars,link
66709,draft,,2025-12-05 12:47:06,acontreras,18848,https://www.uniremington.edu.co/?page_id=66709
51281,publish,Abril - Junio,2023-08-22 13:44:30,webcreativa,705,https://www.uniremington.edu.co/periodico-en-torno/abril-junio/
45574,publish,Abril- Junio 2022,2022-07-19 19:39:58,masteruni,417,https://www.uniremington.edu.co/periodico-en-torno/abril-junio-2022/
56772,publish,Acciones constitucionales y mecanismos de participación ciudadana,2024-05-30 15:25:38,webcreativa,5279,https://www.uniremington.edu.co/fondo-editorial/libros-academicos-artisticos-o-culturales/acciones-constitucionales/
68362,publish,Acreditación institucional,2026-02-17 21:10:54,acontreras,46359,https://www.uniremington.edu.co/acreditacion-institucional/
34708,publish,Actualización Datos de egresados,2020-10-28 19:51:22,masteruni,2412,https://www.uniremington.edu.co/actualizacion-datos-de-egresados/
8403,draft,Administración de Empresas - Distancia,2018-11-08 15:05:37,webcreativa,4271,https://www.uniremington.edu.co/?page_id=8403
8405,publish,Administración de Empresas - Virtual,2024-06-08 15:08:01,webcreativa,6280,https://www.uniremington.edu.co/facultades/facultad-de-ciencias-empresariales/administracion-de-empresas-virtual/
8417,publish,Administración de Empresas Agropecuarias - Virtual,2024-06-08 15:21:06,webcreativa,12457,https://www.uniremington.edu.co/facultades/facultad-medicina-veterinaria/administracion-de-empresas-agropecuarias/
8401,publish,Administración de Empresas y Finanzas - Presencial,2024-06-08 15:02:45,webcreativa,3897,https://www.uniremington.edu.co/facultades/facultad-de-ciencias-empresariales/administracion-de-empresas-y-finanzas/
8413,draft,Administración de Mercadeo - Presencial,2018-11-08 15:15:49,webcreativa,3319,https://www.uniremington.edu.co/?page_id=8413
62181,draft,Administración de Negocios,2025-02-14 21:51:24,webcreativa,4495,https://www.uniremington.edu.co/?page_id=62181
62196,draft,Administración de Negocios - Distancia,2025-02-17 19:33:08,webcreativa,3208,https://www.uniremington.edu.co/?page_id=62196
63325,publish,Administración de Negocios - Distancia,2025-06-03 13:48:06,rhenao,4026,https://www.uniremington.edu.co/facultades/facultad-de-ciencias-empresariales/administracion-de-negocios-distancia/
63148,publish,Administración de Negocios - Presencial,2025-05-28 20:41:07,rhenao,3541,https://www.uniremington.edu.co/facultades/facultad-de-ciencias-empresariales/administracion-de-negocios-presencial/
62222,draft,Administración de Negocios - Virtual,2025-02-18 12:17:51,webcreativa,3207,https://www.uniremington.edu.co/?page_id=62222
63311,publish,Administración de Negocios - Virtual,2025-06-03 13:15:50,rhenao,3689,https://www.uniremington.edu.co/facultades/facultad-de-ciencias-empresariales/administracion-de-negocios-virtual/
8407,draft,Administración de Negocios Internacionales - Distancia,2018-11-08 15:09:42,webcreativa,4407,https://www.uniremington.edu.co/?page_id=8407
8409,draft,Administración de Negocios Internacionales - Presencial,2018-11-08 15:11:54,webcreativa,3695,https://www.uniremington.edu.co/?page_id=8409
8411,draft,Administración Financiera - Presencial,2018-11-08 15:13:58,webcreativa,3271,https://www.uniremington.edu.co/?page_id=8411
17073,draft,Administración Financiera - Virtual,2024-06-23 14:39:57,webcreativa,4729,https://www.uniremington.edu.co/?page_id=17073
28603,draft,Admisión  Ciencias de la Salud,2020-04-28 16:14:53,masteruni,1200,https://www.uniremington.edu.co/?page_id=28603
44377,publish,Adopta animales únicos,2022-05-27 20:01:27,masteruni,6347,https://www.uniremington.edu.co/facultades/facultad-medicina-veterinaria/adopta-animales-unicos/
45564,publish,Agenda Académica,2022-07-18 18:17:24,masteruni,36199,https://www.uniremington.edu.co/extension-y-posgrados/maestro-al-dia/
67469,publish,Agenda Plurianual de Investigación,2026-01-16 16:27:36,acontreras,2933,https://www.uniremington.edu.co/investigacion/agenda-plurianual-de-investigacion/
69466,publish,Agendas de actividades permanentes y mensuales,2026-04-13 21:48:32,acontreras,13180,https://www.uniremington.edu.co/bienestar/agendas-de-actividades-permanentes-y-mensuales/
38111,draft,Aguazul,2021-03-16 22:30:45,masteruni,11144,https://www.uniremington.edu.co/?page_id=38111
52602,draft,Alianzas y redes,2023-10-23 20:20:58,masteruni,210,https://www.uniremington.edu.co/?page_id=52602
52604,publish,Alianzas y redes,2023-10-24 13:57:13,masteruni,4858,https://www.uniremington.edu.co/internacionalizacion/alianzas-y-redes/
16933,publish,Alquiler de espacios,2019-04-11 15:05:06,webcreativa,13651,https://www.uniremington.edu.co/alquiler-de-espacios/
27829,publish,Alternativas de financiación,2020-03-31 20:24:40,masteruni,62362,https://www.uniremington.edu.co/alternativas-de-financiacion/
20445,publish,Antropología urbana y legislación,2019-07-03 21:53:40,webcreativa,2514,https://www.uniremington.edu.co/fondo-editorial/libros-academicos-artisticos-o-culturales/antropologia-urbana-y-legislacion/
8192,publish,Apartadó,2018-11-06 16:26:21,webcreativa,20027,https://www.uniremington.edu.co/apartado/
50989,publish,Apoyo económico para movilidad internacional,2023-08-14 16:36:59,webcreativa,5566,https://www.uniremington.edu.co/soy-estudiante-uniremington/apoyo-economico-para-movilidad-internacional/
25629,publish,Aprovechamiento de residuos madereros,2019-12-02 14:00:40,webcreativa,1965,https://www.uniremington.edu.co/fondo-editorial/libros-de-investigacion/aprovechamiento-de-residuos-madereros/
60611,publish,Apuntes sobre amibiasis pulmonar y bronquial,2024-11-27 18:55:14,webcreativa,3366,https://www.uniremington.edu.co/fondo-editorial/libros-academicos-artisticos-o-culturales/amibiasis-pulmonar-bronquial/
37757,draft,Arauca,2021-03-04 21:37:37,masteruni,11427,https://www.uniremington.edu.co/?page_id=37757
8190,publish,Armenia,2018-11-06 16:25:48,webcreativa,15465,https://www.uniremington.edu.co/armenia/
24542,publish,Arte y Cultura,2019-10-04 15:07:07,webcreativa,2340,https://www.uniremington.edu.co/bienestar/arte-y-cultura-2/
9733,publish,Artes y Diseño,2018-12-05 14:29:56,webcreativa,26004,https://www.uniremington.edu.co/internacionalizacion/artes-y-diseno/
8651,publish,Aspirante,2018-11-16 14:54:29,webcreativa,8946,https://www.uniremington.edu.co/soy-aspirante-uniremington/
11423,publish,Aspirantes SENA,2018-12-20 16:47:25,webcreativa,4010,https://www.uniremington.edu.co/aspirantes-sena/
49623,publish,Autoevaluación institucional,2023-05-04 15:35:04,masteruni,2811,https://www.uniremington.edu.co/autoevaluacion-institucional/
10018,publish,Año 2015,2018-12-07 13:20:34,webcreativa,1259,https://www.uniremington.edu.co/periodico-en-torno/ano-2015/
10011,publish,Año 2016,2018-12-07 13:15:39,webcreativa,2559,https://www.uniremington.edu.co/periodico-en-torno/ano-2016/
10014,publish,Año 2017,2018-12-07 13:19:56,webcreativa,2387,https://www.uniremington.edu.co/periodico-en-torno/ano-2017/
10016,publish,Año 2018,2018-12-07 13:20:13,webcreativa,2588,https://www.uniremington.edu.co/periodico-en-torno/ano-2018/
16509,publish,Año 2019,2019-04-03 19:54:56,webcreativa,2444,https://www.uniremington.edu.co/periodico-en-torno/ano-2019/
26960,publish,Año 2020,2020-03-03 16:18:31,webcreativa,2221,https://www.uniremington.edu.co/periodico-en-torno/ano-2020/
37795,publish,Año 2021,2021-03-05 20:31:57,masteruni,1752,https://www.uniremington.edu.co/periodico-en-torno/ano-2021/
43795,publish,Año 2022,2022-04-29 21:09:15,masteruni,1894,https://www.uniremington.edu.co/periodico-en-torno/ano-2022/
49763,publish,Año 2023,2023-05-19 12:42:39,masteruni,1257,https://www.uniremington.edu.co/periodico-en-torno/ano-2023/
56373,publish,Año 2024,2024-05-22 14:14:01,webcreativa,745,https://www.uniremington.edu.co/periodico-en-torno/ano-2024/
55911,publish,Becas ofertadas por la Alianza del Pacífico - 2024,2024-04-15 14:05:45,webcreativa,4598,https://www.uniremington.edu.co/soy-estudiante-uniremington/alianza-del-pacifico-2024/
45222,publish,Biblioteca El Libro Total,2022-06-21 21:23:37,masteruni,2153,https://www.uniremington.edu.co/biblioteca-el-libro-total/
9065,pending,Bibliotecas Virtuales,2018-11-23 13:35:30,webcreativa,11878,https://www.uniremington.edu.co/?page_id=9065
125,publish,Blog,2015-10-23 07:47:25,webcreativa,0,https://www.uniremington.edu.co/blog/
8589,draft,Bogotá,2018-11-14 15:53:00,webcreativa,19400,https://www.uniremington.edu.co/?page_id=8589
16701,publish,Boletines,2019-04-05 21:45:49,webcreativa,3190,https://www.uniremington.edu.co/facultades/facultad-de-ciencias-juridicas-y-politicas/observatorio-de-genero-equidad-y-justicia/boletines/
44165,publish,Boletines,2022-05-16 21:51:41,masteruni,16867,https://www.uniremington.edu.co/facultades/facultad-de-ciencias-contables/observatorio-de-delitos-corporativos/boletines/
44199,publish,Boletín n.° 1 Observatorio,2022-05-18 16:08:14,masteruni,1695,https://www.uniremington.edu.co/facultades/facultad-de-ciencias-contables/observatorio-de-delitos-corporativos/boletines/boletin-1/
47584,publish,Boletín n.° 2 Observatorio,2022-11-01 19:41:31,masteruni,1743,https://www.uniremington.edu.co/facultades/facultad-de-ciencias-contables/observatorio-de-delitos-corporativos/boletines/boletin-2/
48659,publish,Boletín n.° 3 Observatorio,2023-02-22 16:19:44,masteruni,1759,https://www.uniremington.edu.co/facultades/facultad-de-ciencias-contables/observatorio-de-delitos-corporativos/boletines/boletin-3/
57129,publish,Boletín n.° 4 Observatorio,2024-06-21 14:11:44,webcreativa,1671,https://www.uniremington.edu.co/facultades/facultad-de-ciencias-contables/observatorio-de-delitos-corporativos/boletines/boletin-n-4-observatorio/
60072,publish,Boletín n.° 5 Observatorio,2024-11-14 19:51:12,webcreativa,1719,https://www.uniremington.edu.co/facultades/facultad-de-ciencias-contables/observatorio-de-delitos-corporativos/boletines/boletin-n-5-observatorio/
60732,publish,Boletín n.° 6 Observatorio,2024-11-29 12:31:29,webcreativa,1572,https://www.uniremington.edu.co/facultades/facultad-de-ciencias-contables/observatorio-de-delitos-corporativos/boletines/boletin-n-6-observatorio/
61429,publish,Boletín n.° 7 Observatorio,2025-01-13 13:23:16,webcreativa,2202,https://www.uniremington.edu.co/facultades/facultad-de-ciencias-contables/observatorio-de-delitos-corporativos/boletines/boletin-n-7-observatorio/
66622,publish,Boletín n.° 8 Observatorio,2025-11-13 20:59:39,masteruni,2064,https://www.uniremington.edu.co/facultades/facultad-de-ciencias-contables/observatorio-de-delitos-corporativos/boletines/boletin-n-8-observatorio/
67844,publish,Boletín n.° 9 Observatorio,2026-02-02 21:35:25,acontreras,2106,https://www.uniremington.edu.co/facultades/facultad-de-ciencias-contables/observatorio-de-delitos-corporativos/boletines/boletin-n-9-observatorio/
37170,publish,Bolsa de Empleo,2021-02-15 14:05:27,masteruni,2713,https://www.uniremington.edu.co/portal-de-empleo/
8196,publish,Bucaramanga,2018-11-06 16:27:29,webcreativa,18968,https://www.uniremington.edu.co/bucaramanga/
19485,draft,Buga,2019-06-20 14:00:23,webcreativa,13826,https://www.uniremington.edu.co/?page_id=19485
26941,publish,Calcula tu nota,2020-03-03 14:23:10,webcreativa,610,https://www.uniremington.edu.co/cucuta/calcula-tu-nota/
59685,publish,Calendario Académico 2025-I,2024-10-25 20:06:36,webcreativa,2698,https://www.uniremington.edu.co/soy-estudiante-uniremington/calendario-academico-2025-i/
62976,publish,Calendario Académico 2025-II,2025-05-23 14:58:56,webcreativa,3007,https://www.uniremington.edu.co/soy-estudiante-uniremington/calendario-academico-2025-ii/
56216,publish,Calendario académico para el segundo semestre de 2024,2024-05-09 20:46:50,webcreativa,2218,https://www.uniremington.edu.co/soy-estudiante-uniremington/semestre-2-de-2024/
52907,draft,Calendario Académico Uniremington 2024-1,2023-11-01 15:20:46,webcreativa,307,https://www.uniremington.edu.co/?page_id=52907
25674,publish,Calendario académico Uniremington 2024-I,2019-12-04 15:09:34,webcreativa,2638,https://www.uniremington.edu.co/soy-estudiante-uniremington/calendario-academico/
66595,publish,Calendario Académico Uniremington 2026-I,2025-11-26 16:53:43,masteruni,2777,https://www.uniremington.edu.co/soy-estudiante-uniremington/calendario-academico-uniremington-2026-i/
26975,publish,Calendario académico y formatos,2020-03-04 14:30:03,webcreativa,3211,https://www.uniremington.edu.co/cucuta/calendario-academico-y-formatos/
8200,publish,Cali,2018-11-06 16:28:18,webcreativa,15793,https://www.uniremington.edu.co/cali/
67115,draft,Capacitaciones,2025-12-15 20:23:34,acontreras,0,https://www.uniremington.edu.co/?page_id=67115
67117,publish,Capacitaciones,2025-12-16 12:45:12,acontreras,15790,https://www.uniremington.edu.co/soy-egresado-uniremington/capacitaciones/
40371,publish,Capital Contable Perspectivas con enfoque investigativo,2021-08-05 13:26:10,masteruni,2067,https://www.uniremington.edu.co/fondo-editorial/libros-de-investigacion/capital-contable-perspectivas-con-enfoque-investigativo/
39904,draft,Captura prueba,2021-06-24 20:17:51,masteruni,161,https://www.uniremington.edu.co/?page_id=39904
16790,publish,Carné de egresado,2019-04-08 19:58:31,webcreativa,4601,https://www.uniremington.edu.co/soy-egresado-uniremington/carne-de-egresado/
51997,publish,Carreras Universitarias,2023-09-27 20:08:24,masteruni,3236,https://www.uniremington.edu.co/carreras-universitarias/
15979,publish,Carrito,2019-03-21 16:00:23,webcreativa,307,https://www.uniremington.edu.co/carrito/
66769,publish,Cart,2025-11-25 20:05:11,,0,https://www.uniremington.edu.co/cart/
66772,publish,Cart,2025-11-25 20:05:11,,0,https://www.uniremington.edu.co/cart-3/
66775,publish,Cart,2025-11-25 20:05:11,,0,https://www.uniremington.edu.co/cart-4/
66777,publish,Cart,2025-11-25 20:05:12,,0,https://www.uniremington.edu.co/cart-5/
66778,publish,Cart,2025-11-25 20:05:13,,0,https://www.uniremington.edu.co/cart-6/
66771,publish,Cart,2025-11-25 20:05:11,acontreras,0,https://www.uniremington.edu.co/cart-2/
12378,publish,Cartago,2019-01-22 22:36:39,webcreativa,13634,https://www.uniremington.edu.co/cartago/
38653,publish,"Cartilla ""Reconoce tus derechos"".",2021-04-22 14:57:22,masteruni,361,https://www.uniremington.edu.co/facultades/facultad-de-ciencias-juridicas-y-politicas/cartilla-reconoce-tus-derechos/
64388,publish,Cartilla ilustrativa sobre derechos de la población del conflicto armado,2025-08-28 15:10:28,webcreativa,1513,https://www.uniremington.edu.co/facultades/facultad-de-ciencias-juridicas-y-politicas/consultorio-juridico-y-centro-de-conciliacion/derechos-de-la-poblacion-del-conflicto-armado/
60853,publish,Cartilla ilustrativa sobre violencias basadas en género,2024-12-02 16:44:49,webcreativa,1301,https://www.uniremington.edu.co/facultades/facultad-de-ciencias-juridicas-y-politicas/consultorio-juridico-y-centro-de-conciliacion/cartilla-ilustrativa-sobre-violencias-basadas-en-genero/
61609,publish,Cartilla sobre violencia de Género,2025-01-20 20:42:51,webcreativa,1075,https://www.uniremington.edu.co/facultades/facultad-de-ciencias-juridicas-y-politicas/consultorios-juridicos/consultorio-juridico-y-centro-de-conciliacion-monteria/cartilla-sobre-violencia-de-genero/
47714,publish,Cartillas Reconoce tus derechos,2022-11-09 19:10:48,masteruni,1547,https://www.uniremington.edu.co/monteria/cartillas-reconoce-tus-derechos/
50939,publish,Cartillas Reconoce tus derechos 2023,2023-08-11 19:18:44,masteruni,756,https://www.uniremington.edu.co/monteria/cartillas-reconoce-tus-derechos-2023/
48019,publish,Cartillas Reconoce tus derechos Julio 2021,2022-12-05 19:19:46,masteruni,1438,https://www.uniremington.edu.co/monteria/cartillas-reconoce-tus-derechos-julio-2021/
22778,publish,Catálogo FER,2019-08-22 14:43:10,webcreativa,2195,https://www.uniremington.edu.co/fondo-editorial/catalogo-fer/
12446,publish,Caucasia,2019-01-23 16:26:28,webcreativa,17639,https://www.uniremington.edu.co/caucasia/
68552,publish,Centros de Conciliación – Uniremington,2026-02-26 13:07:42,acontreras,69685,https://www.uniremington.edu.co/facultades/facultad-de-ciencias-juridicas-y-politicas/centros-de-conciliacion-uniremington/
66770,publish,Checkout,2025-11-25 20:05:11,,0,https://www.uniremington.edu.co/checkout/
66774,publish,Checkout,2025-11-25 20:05:11,,0,https://www.uniremington.edu.co/checkout-3/
66776,publish,Checkout,2025-11-25 20:05:12,,0,https://www.uniremington.edu.co/checkout-4/
66779,publish,Checkout,2025-11-25 20:05:13,,0,https://www.uniremington.edu.co/checkout-5/
66780,publish,Checkout,2025-11-25 20:05:13,,0,https://www.uniremington.edu.co/checkout-6/
66773,publish,Checkout,2025-11-25 20:05:11,acontreras,0,https://www.uniremington.edu.co/checkout-2/
11535,private,Chiquinquirá,2018-12-20 22:21:46,webcreativa,11715,https://www.uniremington.edu.co/chiquinquira/
44889,publish,Cidepro,2022-06-09 14:08:19,masteruni,13943,https://www.uniremington.edu.co/investigacion/ciencias-de-la-salud/cidepro-2/
9112,publish,Ciencias Básicas e Ingeniería,2018-11-23 15:33:14,webcreativa,0,https://www.uniremington.edu.co/internacionalizacion/ciencias-basicas-e-ingenieria/
9108,publish,Ciencias Contables,2018-11-23 15:31:25,webcreativa,8887,https://www.uniremington.edu.co/investigacion/ciencias-contables/
9739,publish,Ciencias Contables,2018-12-05 14:33:03,webcreativa,26004,https://www.uniremington.edu.co/internacionalizacion/ciencias-contables/
9106,publish,Ciencias de la Salud,2018-11-23 15:30:46,webcreativa,17754,https://www.uniremington.edu.co/investigacion/ciencias-de-la-salud/
9743,publish,Ciencias de la Salud,2018-12-05 14:34:02,webcreativa,13576,https://www.uniremington.edu.co/internacionalizacion/ciencias-de-la-salud/
9104,publish,Ciencias Empresariales,2018-11-23 15:28:51,webcreativa,9016,https://www.uniremington.edu.co/investigacion/ciencias-empresariales/
9745,publish,Ciencias Empresariales,2018-12-05 14:34:53,webcreativa,7,https://www.uniremington.edu.co/internacionalizacion/ciencias-empresariales/
9750,publish,Ciencias Jurídicas y Políticas,2018-12-05 14:40:42,webcreativa,26004,https://www.uniremington.edu.co/internacionalizacion/ciencias-juridicas-y-politicas/
13233,publish,Circulares y comunicados,2019-02-01 14:27:05,webcreativa,35314,https://www.uniremington.edu.co/investigacion/circulares-y-comunicados/
68582,publish,Clínica Jurídica,2026-02-26 17:35:37,acontreras,13068,https://www.uniremington.edu.co/facultades/facultad-de-ciencias-juridicas-y-politicas/clinica-juridica/
47369,publish,Clínica Jurídica Uniremington,2022-10-19 12:37:41,masteruni,1384,https://www.uniremington.edu.co/facultades/facultad-de-ciencias-juridicas-y-politicas/clinica-juridica-uniremington/
32191,publish,Clínica Veterinaria  Uniremington CVU,2020-08-05 22:24:22,webcreativa,26113,https://www.uniremington.edu.co/facultades/facultad-medicina-veterinaria/clinica-veterinaria-remington/
68567,publish,Colaboratorio de Ciudadanías,2026-02-26 14:16:07,acontreras,1585,https://www.uniremington.edu.co/facultades/facultad-de-ciencias-juridicas-y-politicas/colaboratorio-de-ciudadanias/
33431,publish,Comité de Bioética para la Investigación con Animales,2020-09-14 21:49:26,masteruni,3916,https://www.uniremington.edu.co/facultades/facultad-medicina-veterinaria/clinica-veterinaria-remington/comite-de-bioetica-para-la-investigacion-con-animales/
48884,publish,Comité de convivencia Laboral -Cocola,2023-03-15 18:56:55,masteruni,7687,https://www.uniremington.edu.co/comite-de-convivencia-laboral-cocola/
40304,publish,Comités de Ética y Bioética de Uniremington,2021-08-03 15:59:40,masteruni,19398,https://www.uniremington.edu.co/investigacion/comites-de-etica-y-bioetica/
33075,publish,Comités reglamentarios,2020-09-09 20:27:37,webcreativa,9459,https://www.uniremington.edu.co/nuestra-institucion/comites-reglamentarios/
42040,publish,Comprensiones de las humanidades en la educación superior,2021-12-09 13:59:38,masteruni,2352,https://www.uniremington.edu.co/fondo-editorial/libros-de-investigacion/comprensiones-de-las-humanidades-en-la-educacion-superior/
24959,publish,Concurso de Cuento,2019-10-17 14:45:58,webcreativa,709,https://www.uniremington.edu.co/fondo-editorial/concurso-cuento/
70003,publish,"Concurso de Cuentos en Antioquia - “Si los alimentos hablaran, ¿qué dirían?”",2026-05-20 21:26:41,acontreras,4881,https://www.uniremington.edu.co/fondo-editorial/concurso-de-cuentos-en-antioquia/
24961,publish,Concurso ilustración,2019-10-17 14:48:18,webcreativa,1476,https://www.uniremington.edu.co/fondo-editorial/concurso-ilustracion/
46866,draft,Conferencistas Divergente,2022-10-04 13:08:41,masteruni,4306,https://www.uniremington.edu.co/?page_id=46866
20427,publish,"Conflicto, mediación y memoria. Justicia restaurativa y daño colectivo",2019-07-03 20:33:05,webcreativa,2122,https://www.uniremington.edu.co/fondo-editorial/libros-de-investigacion/conflicto-mediacion-y-memoria-justicia-restaurativa-y-dano-colectivo/
61598,publish,Consejeros académicos,2025-01-20 14:25:46,webcreativa,952,https://www.uniremington.edu.co/monteria/consejeros-academicos/
26008,publish,Consulta enviada,2020-01-23 16:39:10,webcreativa,2824,https://www.uniremington.edu.co/facultades/facultad-de-ciencias-contables/consultorio-contable/envie-su-consulta/consulta-enviada/
25397,publish,Consultorio Contable,2019-11-13 21:20:59,webcreativa,20076,https://www.uniremington.edu.co/facultades/facultad-de-ciencias-contables/consultorio-contable/
25450,publish,Consultorio Contable - Envie su consulta,2019-11-18 13:19:05,webcreativa,1055,https://www.uniremington.edu.co/facultades/facultad-de-ciencias-contables/consultorio-contable/envie-su-consulta/
53009,publish,Consultorio de Diseño Integral,2023-11-09 21:42:54,masteruni,4009,https://www.uniremington.edu.co/facultades/facultad-de-diseno/consultorio-de-diseno-integral/
54817,publish,Consultorio jurídico - Uniremington Ibagué,2024-02-08 16:15:55,masteruni,5756,https://www.uniremington.edu.co/facultades/facultad-de-ciencias-juridicas-y-politicas/consultorio-juridico-uniremington-ibague/
68949,publish,Consultorio Jurídico Púrpura Uniremington Ibagué,2026-03-13 18:58:12,acontreras,4405,https://www.uniremington.edu.co/facultades/facultad-de-ciencias-juridicas-y-politicas/consultorio-juridico-purpura/
21770,publish,Consultorio jurídico y Centro de conciliación  Gustavo Vásquez Betancourt Medellín - Vigilado Ministerio de Justicia y del Derecho,2019-07-19 16:23:19,webcreativa,41528,https://www.uniremington.edu.co/facultades/facultad-de-ciencias-juridicas-y-politicas/consultorio-juridico-y-centro-de-conciliacion/
29687,publish,Consultorio jurídico y centro de conciliación - Gustavo Vásquez Betancourt,2020-05-09 19:27:03,webcreativa,23716,https://www.uniremington.edu.co/facultades/facultad-de-ciencias-juridicas-y-politicas/centro-de-conciliacion-gustavo-vasquez-betancourt/
60851,publish,Consultorio jurídico y Centro de conciliación Remington - Montería,2024-12-02 16:45:13,webcreativa,10487,https://www.uniremington.edu.co/facultades/facultad-de-ciencias-juridicas-y-politicas/consultorios-juridicos/consultorio-juridico-y-centro-de-conciliacion-monteria/
59310,publish,Consultorios Jurídicos,2024-10-15 12:16:45,webcreativa,122515,https://www.uniremington.edu.co/facultades/facultad-de-ciencias-juridicas-y-politicas/consultorios-juridicos/
58961,publish,Contacto Refiere y gana,2024-09-30 13:44:10,masteruni,1283,https://www.uniremington.edu.co/contacto-refiere-y-gana/
59200,publish,contacto refiere y gana 2,2024-10-08 14:28:03,masteruni,418,https://www.uniremington.edu.co/contacto-refiere-y-gana-2/
8456,draft,Contaduría Pública - Distancia,2018-11-08 20:59:53,webcreativa,4153,https://www.uniremington.edu.co/?page_id=8456
58666,publish,Contaduría Pública - Distancia,2024-09-24 15:34:53,webcreativa,3647,https://www.uniremington.edu.co/facultades/facultad-de-ciencias-contables/contaduria-publica-distancia/
8431,publish,Contaduría Pública - Presencial,2024-06-08 16:14:02,webcreativa,8494,https://www.uniremington.edu.co/facultades/facultad-de-ciencias-contables/contaduria-publica-presencial/
8433,publish,Contaduría Pública Virtual,2024-06-08 16:16:48,webcreativa,8609,https://www.uniremington.edu.co/facultades/facultad-de-ciencias-contables/contaduria-publica-virtual/
34214,publish,Control,2020-10-15 19:58:36,masteruni,1357,https://www.uniremington.edu.co/control/
49283,draft,Convenio interbibliotecario Uniremington Bogotá - Universidad Externado de Colombia,2023-04-14 15:13:52,masteruni,298,https://www.uniremington.edu.co/?page_id=49283
24569,publish,Convenios,2019-10-04 22:21:05,webcreativa,1050,https://www.uniremington.edu.co/bienestar/convenios/
22957,publish,Convenios Bienestar - Uniremington Manizales,2019-09-03 13:37:55,webcreativa,6347,https://www.uniremington.edu.co/manizales/direccion-de-bienestar-institucional-manizales/convenios-bienestar/
21599,publish,Convenios interbibliotecarios,2019-07-16 21:38:34,webcreativa,9905,https://www.uniremington.edu.co/biblioteca/universidades-e-instituciones-con-convenio-interbibliotecario/
31162,publish,Convenios Uniremington,2020-06-24 16:51:24,masteruni,145087,https://www.uniremington.edu.co/convenios-uniremington/
63807,private,Convocatoria - Carrera Docente 2025,2025-06-11 19:11:49,webcreativa,11300,https://www.uniremington.edu.co/convocatoria-carrera-docente-2025/
49262,publish,Convocatoria Cofinanciación,2023-04-13 14:55:23,masteruni,2894,https://www.uniremington.edu.co/investigacion/convocatorias/convocatoria-cofinanciacion/
12777,publish,Convocatoria de Innovación y Desarrollo Tecnológico,2019-01-28 15:58:03,webcreativa,20832,https://www.uniremington.edu.co/investigacion/convocatorias/convocatoria-de-innovacion-y-transformacion/
58365,publish,Convocatoria de Medición de Grupos e Investigadores,2024-09-05 15:28:57,webcreativa,2591,https://www.uniremington.edu.co/investigacion/convocatorias/convocatoria-de-medicion-de-grupos-e-investigadores/
59714,publish,Convocatoria de Productos Resultado de Actividades de Investigación,2024-10-29 15:23:51,webcreativa,13977,https://www.uniremington.edu.co/investigacion/convocatorias/convocatoria-de-productos-resultado-de-actividades-de-investigacion/
58398,draft,Convocatoria Escalafón docente 2024,2024-09-06 14:11:48,webcreativa,5701,https://www.uniremington.edu.co/?page_id=58398
58428,publish,Convocatoria Escalafón docente 2024,2024-09-13 20:58:28,webcreativa,15892,https://www.uniremington.edu.co/convocatoria-escalafon-docente-2024/
13116,publish,Convocatoria interna,2019-01-31 15:33:10,webcreativa,26420,https://www.uniremington.edu.co/investigacion/convocatorias/convocatoria-interna/
13134,publish,Convocatoria joven investigador Uniremington,2019-01-31 16:13:59,webcreativa,13088,https://www.uniremington.edu.co/investigacion/convocatorias/convocatoria-joven-investigador-uniremington/
13146,publish,Convocatoria medico quirúrgica,2019-01-31 19:11:01,webcreativa,5005,https://www.uniremington.edu.co/investigacion/convocatorias/convocatoria-medico-quirurgica/
33548,publish,Convocatoria Mérito Investigativo,2020-09-17 13:23:10,webcreativa,4195,https://www.uniremington.edu.co/investigacion/convocatorias/convocatoria-merito-investigativo/
13148,publish,Convocatoria proyectos semilleros,2019-01-31 19:23:45,webcreativa,19108,https://www.uniremington.edu.co/investigacion/convocatorias/convocatoria-proyectos-semilleros/
13150,publish,Convocatorias,2019-01-31 19:29:10,webcreativa,14427,https://www.uniremington.edu.co/investigacion/convocatorias/
24435,publish,Convocatorias de Incentivos,2019-10-03 13:21:04,webcreativa,20925,https://www.uniremington.edu.co/investigacion/convocatorias/convocatorias-de-incentivos/
33413,publish,Convocatorias de investigación,2020-09-14 16:57:45,masteruni,994,https://www.uniremington.edu.co/facultades/facultad-medicina-veterinaria/clinica-veterinaria-remington/convocatorias-de-investigacion/
13559,draft,Convocatorias Uniremington,2019-02-05 19:45:45,webcreativa,3793,https://www.uniremington.edu.co/?page_id=13559
62087,publish,Coomeva,2025-02-11 12:42:30,webcreativa,4768,https://www.uniremington.edu.co/alternativas-de-financiacion/coomeva/
52095,publish,Copasst,2023-09-28 22:01:49,webcreativa,4195,https://www.uniremington.edu.co/copasst/
15397,draft,Corporación Universitaria Remington,2019-06-21 22:13:07,webcreativa,10350,https://www.uniremington.edu.co/?page_id=15397
18315,draft,Corporación Universitaria Remington,2019-06-05 19:08:54,webcreativa,15258,https://www.uniremington.edu.co/?page_id=18315
19493,draft,Corporación Universitaria Remington,2019-06-20 14:01:33,webcreativa,14397,https://www.uniremington.edu.co/?page_id=19493
27838,draft,Corporación Universitaria Remington,2020-03-31 19:51:40,webcreativa,15032,https://www.uniremington.edu.co/?page_id=27838
27778,draft,Corporación Universitaria Remington,2020-03-30 22:11:03,masteruni,15032,https://www.uniremington.edu.co/?page_id=27778
27779,draft,Corporación Universitaria Remington,2020-03-30 22:11:22,masteruni,15032,https://www.uniremington.edu.co/?page_id=27779
31755,draft,Corporación Universitaria Remington,2020-07-14 21:48:29,masteruni,15216,https://www.uniremington.edu.co/?page_id=31755
33696,draft,Corporación Universitaria Remington,2020-09-22 16:36:53,masteruni,15202,https://www.uniremington.edu.co/?page_id=33696
34053,draft,Corporación Universitaria Remington,2020-10-08 20:00:55,masteruni,15202,https://www.uniremington.edu.co/?page_id=34053
34598,draft,Corporación Universitaria Remington,2020-10-24 16:22:24,masteruni,15202,https://www.uniremington.edu.co/?page_id=34598
35439,draft,Corporación Universitaria Remington,2020-11-27 21:35:08,masteruni,15010,https://www.uniremington.edu.co/?page_id=35439
4520,publish,Corporación Universitaria Remington,2015-10-19 04:23:53,webcreativa,51773,https://www.uniremington.edu.co/
56353,publish,Corto Plazo Icetex,2024-05-21 15:53:23,masteruni,1966,https://www.uniremington.edu.co/alternativas-de-financiacion/lineas-de-credito-icetex/corto-plazo-icetex/
9021,publish,Creador,2018-11-22 20:39:43,webcreativa,309,https://www.uniremington.edu.co/creador/
37024,draft,Cronograma,2021-02-04 13:29:42,masteruni,2329,https://www.uniremington.edu.co/?page_id=37024
62412,publish,Cronograma 2025 - Convocatorias y eventos,2025-02-28 13:07:22,webcreativa,2506,https://www.uniremington.edu.co/investigacion/cronograma-2025-convocatorias-y-eventos/
29810,publish,Crédito corporativo,2020-05-11 21:54:34,webcreativa,13734,https://www.uniremington.edu.co/alternativas-de-financiacion/credito-corporativo/
30436,publish,Crédito educativo Banco pichincha,2020-06-02 16:27:11,masteruni,5636,https://www.uniremington.edu.co/credito-educativo-banco-pichincha/
51048,publish,Crédito Flevo,2023-08-15 13:42:32,masteruni,3243,https://www.uniremington.edu.co/alternativas-de-financiacion/credito-flevo/
16540,pending,Cursos,2019-04-03 22:25:08,webcreativa,6202,https://www.uniremington.edu.co/?page_id=16540
64249,publish,Cursos virtuales,2025-06-27 15:53:06,webcreativa,2167,https://www.uniremington.edu.co/biblioteca/cursos-virtuales/
8198,publish,Cúcuta,2018-11-06 16:27:55,webcreativa,17984,https://www.uniremington.edu.co/cucuta/
35150,publish,Datos abiertos,2020-11-13 14:56:46,masteruni,1938,https://www.uniremington.edu.co/datos-abiertos/
47617,publish,De los presupuestos teóricos y metodológicos del turismo: la perspectiva crítico-reflexiva,2022-11-02 16:46:21,masteruni,4065,https://www.uniremington.edu.co/fondo-editorial/libros-de-investigacion/de-los-presupuestos-teoricos-y-metodologicos-del-turismo-la-perspectiva-critico-reflexiva/
54991,publish,Delfín convoca a Verano de investigación científica - 2024,2024-02-21 16:49:59,webcreativa,5054,https://www.uniremington.edu.co/soy-estudiante-uniremington/delfin-convoca-a-verano-de-investigacion-cientifica-2024/
68317,publish,Delfín convoca a Verano de investigación científica - 2026,2026-02-16 13:29:53,acontreras,12878,https://www.uniremington.edu.co/delfin-convoca-a-verano-de-investigacion-cientifica/
24727,publish,"Deporte, Actividad Física y Cultura",2019-10-15 20:14:31,webcreativa,16828,https://www.uniremington.edu.co/bienestar/deporte-y-creacion-arte-cultura/
8312,private,Derecho - Presencial,2024-06-06 21:56:29,webcreativa,17805,https://www.uniremington.edu.co/facultades/facultad-de-ciencias-juridicas-y-politicas/derecho/
63726,publish,Derecho - Presencial,2025-06-10 14:36:39,webcreativa,90635,https://www.uniremington.edu.co/facultades/facultad-de-ciencias-juridicas-y-politicas/derecho-presencial/
63661,publish,Derecho - Virtual,2025-06-09 16:41:09,webcreativa,13459,https://www.uniremington.edu.co/facultades/facultad-de-ciencias-juridicas-y-politicas/derecho-virtual/
20448,publish,"Derecho procesal garantista y constitucional: proceso, garantía y libertad",2019-07-03 22:09:35,webcreativa,2514,https://www.uniremington.edu.co/fondo-editorial/libros-academicos-artisticos-o-culturales/derecho-procesal-garantista-y-constitucional-proceso-garantia-y-libertad/
12163,publish,Derechos Pecuniarios,2019-01-21 14:51:44,webcreativa,17710,https://www.uniremington.edu.co/derechos-pecuniarios/
24729,publish,Desarrollo Humano,2019-10-15 20:15:09,webcreativa,7746,https://www.uniremington.edu.co/bienestar/desarrollo-humano/
29418,publish,Dia 4 Final,2020-05-07 17:03:00,masteruni,6619,https://www.uniremington.edu.co/dia-4-final/
29417,draft,Dia4Final,2020-05-07 17:00:29,masteruni,0,https://www.uniremington.edu.co/?page_id=29417
20366,publish,Diagnóstico y lineamientos técnicos para los distintos escenarios de la práctica jurídica,2019-07-03 14:27:59,webcreativa,2306,https://www.uniremington.edu.co/fondo-editorial/libros-de-investigacion/diagnostico-y-lineamientos-tecnicos-para-los-distintos-escenarios-de-la-practica-juridica/
61018,publish,Direccion de Talento Humano,2024-12-09 17:39:17,webcreativa,48349,https://www.uniremington.edu.co/direccion-talento-humano/
61214,publish,Direccionamiento Estratégico,2024-12-17 13:43:51,webcreativa,10367,https://www.uniremington.edu.co/direccionamiento-estrategico/
8887,publish,Dirección de Bienestar Institucional,2018-11-21 14:57:17,webcreativa,8354,https://www.uniremington.edu.co/bienestar/
19875,publish,Dirección de Bienestar Institucional,2019-06-25 15:07:01,webcreativa,15802,https://www.uniremington.edu.co/manizales/direccion-de-bienestar-institucional-manizales/
9370,publish,Dirección de Egresados y Prácticas,2018-11-27 22:16:01,webcreativa,15717,https://www.uniremington.edu.co/soy-egresado-uniremington/
27879,publish,Dirección de Humanidades,2020-04-02 23:05:58,masteruni,7840,https://www.uniremington.edu.co/humanidades/
8840,publish,Dirección de Registro y Control,2018-11-20 22:36:53,webcreativa,30346,https://www.uniremington.edu.co/soy-estudiante-uniremington/admisiones/
20006,publish,Dirección de Registro y Control - Armenia,2019-06-26 14:40:36,webcreativa,10997,https://www.uniremington.edu.co/armenia/direccion-de-registro-y-control-armenia/
26646,publish,Dirección de Registro y Control - Cúcuta,2020-02-20 20:17:25,webcreativa,2571,https://www.uniremington.edu.co/cucuta/direccion-de-registro-y-control-cucuta/
19541,publish,Dirección de Registro y Control - Manizales,2019-06-21 20:49:34,webcreativa,9637,https://www.uniremington.edu.co/manizales/admisiones-manizales/
19986,publish,Dirección de Registro y Control - Pereira,2019-06-26 13:27:14,webcreativa,9951,https://www.uniremington.edu.co/pereira/direccion-de-registro-y-control-pereira/
8866,publish,Dirección de Relaciones Internacionales,2018-11-21 14:34:08,webcreativa,7006,https://www.uniremington.edu.co/internacionalizacion/
52706,publish,Dirección de Relaciones Internacionales,2023-10-25 15:00:14,webcreativa,3304,https://www.uniremington.edu.co/internacionalizacion/nuestro-equipo/
68173,draft,Directorio de colaboradores,2026-02-10 20:05:27,acontreras,1930,https://www.uniremington.edu.co/?page_id=68173
23384,publish,Directorio Egresados Emprendedores,2019-09-23 13:49:23,webcreativa,3859,https://www.uniremington.edu.co/soy-egresado-uniremington/directorio/
69401,publish,Directorio telefónico de empleados Uniremington,2026-04-10 14:22:38,acontreras,22411,https://www.uniremington.edu.co/directorio-telefonico-de-empleados-uniremington/
67776,publish,Diseño de Espacios y Entornos Virtuales - Virtual,2026-02-02 02:31:42,acontreras,30516,https://www.uniremington.edu.co/facultades/facultad-de-diseno/diseno-de-espacios-y-entornos-virtuales/
8441,private,Diseño Visual - Distancia REGISTRO VENCIDO,2018-11-08 16:48:37,webcreativa,3303,https://www.uniremington.edu.co/facultades/facultad-de-diseno/diseno-visual-distancia/
8439,private,Diseño Visual REGISTRO VENCIDO,2018-11-08 16:44:00,webcreativa,3216,https://www.uniremington.edu.co/facultades/facultad-de-diseno/diseno-visual-presencial/
11969,publish,Distancia,2019-01-17 22:50:41,webcreativa,8331,https://www.uniremington.edu.co/distancia/
46876,publish,Divergente,2022-10-04 13:11:46,masteruni,13471,https://www.uniremington.edu.co/facultades/facultad-de-diseno/divergente/
52059,publish,Documentos Consultorio Jurídico sede Bogota (en trámite),2023-09-28 15:33:57,masteruni,6840,https://www.uniremington.edu.co/documentos-consultorio-juridico-sede-bogota-en-tramite/
49895,publish,Documentos Consultorio Jurídico sede Ibagué (en trámite),2023-06-02 20:23:37,masteruni,6337,https://www.uniremington.edu.co/ibague/documentos-consultorio-juridico-sede-ibague-en-tramite/
20867,publish,Documentos Jurídicos,2019-07-08 20:56:17,webcreativa,15765,https://www.uniremington.edu.co/documentos-juridicos/
11530,publish,Duitama,2018-12-20 22:10:38,webcreativa,15031,https://www.uniremington.edu.co/duitama/
29195,publish,Día 1,2020-05-06 22:01:58,masteruni,7585,https://www.uniremington.edu.co/dia-1/
29287,publish,Día 2,2020-05-07 00:50:57,masteruni,4836,https://www.uniremington.edu.co/dia-2/
29358,publish,Día 3,2020-05-07 22:13:31,masteruni,6835,https://www.uniremington.edu.co/dia-3/
28914,publish,Día 4,2020-05-07 16:07:35,masteruni,7352,https://www.uniremington.edu.co/dia-4/
29125,publish,Día 5 Mundos Digitales,2020-05-06 15:29:18,masteruni,3953,https://www.uniremington.edu.co/dia-5/
28963,publish,Día 6 Mundos Digitales,2020-05-06 00:05:15,masteruni,8185,https://www.uniremington.edu.co/dia-6/
10280,draft,Edicien,2018-12-10 19:13:03,webcreativa,0,https://www.uniremington.edu.co/?page_id=10280
29523,publish,Edición  Marzo - Abril,2020-05-07 21:09:20,webcreativa,511,https://www.uniremington.edu.co/periodico-en-torno/ano-2020/edicion-abril-marzo/
10223,publish,Edición Abril,2018-12-10 16:00:15,webcreativa,1139,https://www.uniremington.edu.co/periodico-en-torno/ano-2018/edicion-abril/
10298,publish,Edición Abril,2018-12-10 19:46:06,webcreativa,1147,https://www.uniremington.edu.co/periodico-en-torno/ano-2017/edicion-abril/
10322,publish,Edición Abril,2018-12-10 19:52:32,webcreativa,1152,https://www.uniremington.edu.co/periodico-en-torno/ano-2016/edicion-abril/
21011,publish,Edición Abril,2019-07-09 15:41:47,webcreativa,1223,https://www.uniremington.edu.co/periodico-en-torno/ano-2019/edicion-abril/
10208,publish,Edición Agosto,2018-12-10 15:49:13,webcreativa,1060,https://www.uniremington.edu.co/periodico-en-torno/ano-2018/edicion-agosto/
10303,publish,Edición Agosto,2018-12-10 19:47:02,webcreativa,1164,https://www.uniremington.edu.co/periodico-en-torno/ano-2017/edicion-agosto/
10325,publish,Edición Agosto,2018-12-10 19:53:02,webcreativa,1151,https://www.uniremington.edu.co/periodico-en-torno/ano-2016/edicion-agosto/
23267,publish,Edición Agosto,2019-09-18 13:23:48,webcreativa,1336,https://www.uniremington.edu.co/periodico-en-torno/ano-2019/edicion-agosto/
10231,publish,Edición Enero - Febrero,2018-12-10 16:22:45,webcreativa,1155,https://www.uniremington.edu.co/periodico-en-torno/ano-2018/edicion-enero-febrero/
10305,publish,Edición Enero - Febrero,2018-12-10 19:47:23,webcreativa,891,https://www.uniremington.edu.co/periodico-en-torno/ano-2017/edicion-enero-febrero/
10319,publish,Edición Enero - Febrero,2018-12-10 19:52:00,webcreativa,1200,https://www.uniremington.edu.co/periodico-en-torno/ano-2019/edicion-enero-febrero/
10327,publish,Edición Enero - Febrero,2018-12-10 19:53:22,webcreativa,891,https://www.uniremington.edu.co/periodico-en-torno/ano-2016/edicion-enero-febrero/
26969,publish,Edición Enero - Febrero,2020-03-03 20:04:40,webcreativa,1417,https://www.uniremington.edu.co/periodico-en-torno/ano-2020/edicion-enero-febrero/
18630,publish,Edición Enero - Febrero 2019,2019-06-10 14:59:07,webcreativa,1221,https://www.uniremington.edu.co/facultades/facultad-de-ciencias-juridicas-y-politicas/observatorio-de-genero-equidad-y-justicia/boletines/edicion-enero-febrero-2019/
35988,publish,Edición Enero - Febrero 2021,2021-01-06 16:05:52,masteruni,1192,https://www.uniremington.edu.co/facultades/facultad-de-ciencias-juridicas-y-politicas/observatorio-de-genero-equidad-y-justicia/boletines/edicion-enero-febrero-2021/
10211,publish,Edición Julio,2018-12-10 15:51:24,webcreativa,1067,https://www.uniremington.edu.co/periodico-en-torno/ano-2018/edicion-julio/
10313,publish,Edición Julio,2018-12-10 19:50:05,webcreativa,1147,https://www.uniremington.edu.co/periodico-en-torno/ano-2017/edicion-julio/
10329,publish,Edición Julio,2018-12-10 19:53:52,webcreativa,1145,https://www.uniremington.edu.co/periodico-en-torno/ano-2016/edicion-julio/
22740,publish,Edición Julio,2019-08-21 20:49:35,webcreativa,1300,https://www.uniremington.edu.co/periodico-en-torno/ano-2019/edicion-julio/
33698,publish,Edición Julio - Agosto,2020-09-22 20:29:57,webcreativa,305,https://www.uniremington.edu.co/edicion-julio-agosto/
24691,publish,Edición Julio - Agosto 2019,2019-10-11 16:21:24,webcreativa,1427,https://www.uniremington.edu.co/facultades/facultad-de-ciencias-juridicas-y-politicas/observatorio-de-genero-equidad-y-justicia/boletines/edicion-julio-agosto-2019/
10214,publish,Edición Junio,2018-12-10 15:53:40,webcreativa,1299,https://www.uniremington.edu.co/periodico-en-torno/ano-2018/edicion-junio/
10311,publish,Edición Junio,2018-12-10 19:49:28,webcreativa,1147,https://www.uniremington.edu.co/periodico-en-torno/ano-2017/edicion-junio/
10331,publish,Edición Junio,2018-12-10 19:54:58,webcreativa,1145,https://www.uniremington.edu.co/periodico-en-torno/ano-2016/edicion-junio/
21411,publish,Edición Junio,2019-07-12 21:39:31,webcreativa,1260,https://www.uniremington.edu.co/periodico-en-torno/ano-2019/edicion-junio/
10228,publish,Edición Marzo,2018-12-10 16:03:03,webcreativa,1139,https://www.uniremington.edu.co/periodico-en-torno/ano-2018/edicion-marzo/
10309,publish,Edición Marzo,2018-12-10 19:48:40,webcreativa,1145,https://www.uniremington.edu.co/periodico-en-torno/ano-2017/edicion-marzo/
10333,publish,Edición Marzo,2018-12-10 19:56:05,webcreativa,1167,https://www.uniremington.edu.co/periodico-en-torno/ano-2016/edicion-marzo/
21002,publish,Edición Marzo,2019-07-09 15:25:40,webcreativa,1221,https://www.uniremington.edu.co/periodico-en-torno/ano-2019/edicion-marzo/
21024,publish,Edición Marzo - Abril 2019,2019-07-09 16:13:20,webcreativa,1231,https://www.uniremington.edu.co/facultades/facultad-de-ciencias-juridicas-y-politicas/observatorio-de-genero-equidad-y-justicia/boletines/edicion-marzo-abril-2019/
24690,draft,Edición Mayo,2019-10-11 16:15:08,webcreativa,1243,https://www.uniremington.edu.co/?page_id=24690
10219,publish,Edición Mayo,2018-12-10 15:57:13,webcreativa,1106,https://www.uniremington.edu.co/periodico-en-torno/ano-2018/edicion-mayo/
10307,publish,Edición Mayo,2018-12-10 19:48:08,webcreativa,1154,https://www.uniremington.edu.co/periodico-en-torno/ano-2017/edicion-mayo/
10335,publish,Edición Mayo,2018-12-10 19:57:11,webcreativa,1144,https://www.uniremington.edu.co/periodico-en-torno/ano-2016/edicion-mayo/
21016,publish,Edición Mayo,2019-07-09 15:52:44,webcreativa,1243,https://www.uniremington.edu.co/periodico-en-torno/ano-2019/edicion-mayo/
21030,publish,Edición Mayo - Junio 2019,2019-07-09 16:44:10,webcreativa,1263,https://www.uniremington.edu.co/facultades/facultad-de-ciencias-juridicas-y-politicas/observatorio-de-genero-equidad-y-justicia/boletines/edicion-mayo-junio-2019/
31940,publish,Edición Mayo – Junio,2020-07-23 15:20:24,masteruni,305,https://www.uniremington.edu.co/edicion-mayo-junio/
10120,publish,Edición Noviembre,2018-12-07 20:37:03,webcreativa,1073,https://www.uniremington.edu.co/periodico-en-torno/ano-2018/edicion-noviembre/
11166,publish,Edición Noviembre,2018-12-18 16:47:06,webcreativa,1161,https://www.uniremington.edu.co/periodico-en-torno/ano-2016/edicion-noviembre/
16820,publish,Edición Noviembre,2019-04-08 20:37:25,webcreativa,1200,https://www.uniremington.edu.co/facultades/facultad-de-ciencias-juridicas-y-politicas/observatorio-de-genero-equidad-y-justicia/boletines/edicion-noviembre/
19139,publish,Edición Noviembre - Diciembre,2019-06-14 21:02:07,webcreativa,1089,https://www.uniremington.edu.co/periodico-en-torno/ano-2017/edicion-noviembre-diciembre/
25672,publish,Edición Noviembre - Diciembre,2019-12-04 13:11:30,webcreativa,1403,https://www.uniremington.edu.co/periodico-en-torno/ano-2019/edicion-noviembre-diciembre/
10192,publish,Edición Octubre,2018-12-10 14:51:52,webcreativa,1037,https://www.uniremington.edu.co/periodico-en-torno/ano-2018/en-torno-octubre/
10317,publish,Edición Octubre,2018-12-10 19:51:16,webcreativa,1149,https://www.uniremington.edu.co/periodico-en-torno/ano-2017/edicion-octubre/
11165,publish,Edición Octubre,2018-12-18 16:47:06,webcreativa,1141,https://www.uniremington.edu.co/periodico-en-torno/ano-2016/edicion-octubre/
16828,publish,Edición Octubre,2019-04-08 20:41:41,webcreativa,1212,https://www.uniremington.edu.co/facultades/facultad-de-ciencias-juridicas-y-politicas/observatorio-de-genero-equidad-y-justicia/boletines/edicion-octubre/
10204,publish,Edición Septiembre,2018-12-10 15:47:09,webcreativa,1056,https://www.uniremington.edu.co/periodico-en-torno/ano-2018/edicion-septiembre/
10315,publish,Edición Septiembre,2018-12-10 19:50:37,webcreativa,1152,https://www.uniremington.edu.co/periodico-en-torno/ano-2017/edicion-septiembre/
11164,publish,Edición Septiembre,2018-12-18 16:47:06,webcreativa,1131,https://www.uniremington.edu.co/periodico-en-torno/ano-2016/edicion-septiembre/
25273,publish,Edición Septiembre - Octubre,2019-11-01 22:55:39,webcreativa,1390,https://www.uniremington.edu.co/periodico-en-torno/ano-2019/edicion-septiembre-octubre/
35491,publish,Edición Septiembre – Diciembre,2020-12-01 16:55:45,masteruni,305,https://www.uniremington.edu.co/edicion-septiembre-diciembre/
36185,draft,Educación continua,2021-01-12 22:50:32,masteruni,1425,https://www.uniremington.edu.co/?page_id=36185
53929,publish,Educación Continua,2023-12-26 13:25:45,webcreativa,76894,https://www.uniremington.edu.co/extension-y-posgrados/cursos-y-diplomados-edu-continua/
45977,publish,Educación para la inclusión: aportes desde la investigación,2022-08-11 13:42:20,masteruni,4394,https://www.uniremington.edu.co/fondo-editorial/libros-de-investigacion/educacion-para-la-inclusion-aportes-desde-la-investigacion/
55212,publish,Educación para la salud con las comunidades. Una experiencia de educación popular,2024-03-04 16:52:42,webcreativa,3519,https://www.uniremington.edu.co/fondo-editorial/libros-de-investigacion/educacion-para-la-salud-con-las-comunidades-una-experiencia-de-educacion-popular/
43901,publish,"Efectos olvidados en la dimensión empresarial del municipio de Cartago, Valle (Colombia)",2022-05-06 13:38:23,masteruni,2113,https://www.uniremington.edu.co/fondo-editorial/libros-de-investigacion/efectos-olvidados-en-la-dimension-empresarial-del-municipio-de-cartago-valle-colombia/
10169,publish,Egresados y practicantes destacados,2018-12-10 14:16:00,webcreativa,4545,https://www.uniremington.edu.co/soy-egresado-uniremington/egresados-destacados/
48158,publish,"El territorio para los niños y las niñas. Entramado vincular para la comprensión, construcción y cuidado de la vida",2022-12-16 12:50:58,masteruni,4719,https://www.uniremington.edu.co/fondo-editorial/libros-de-investigacion/el-territorio-para-los-ninos-y-las-ninas-entramado-vincular-para-la-comprension-construccion-y-cuidado-de-la-vida/
8856,publish,Empleado Uniremington,2018-11-21 14:09:40,webcreativa,2398,https://www.uniremington.edu.co/soy-empleado-uniremington/
62431,publish,"Emprendimiento, innovación y tecnología en las organizaciones",2025-02-28 19:54:11,webcreativa,3990,https://www.uniremington.edu.co/fondo-editorial/libros-de-investigacion/emprendimiento-innovacion-y-tecnologia-en-las-organizaciones/
21138,publish,Encuentros nacionales de semilleros de investigación,2019-07-10 19:36:25,webcreativa,3142,https://www.uniremington.edu.co/investigacion/memorias-de-eventos/
39013,publish,Encuestas Uniremington,2021-05-11 22:26:09,masteruni,4412,https://www.uniremington.edu.co/encuestas-uniremington/
37797,publish,Enero - Febrero,2021-03-05 20:44:16,masteruni,361,https://www.uniremington.edu.co/enero-febrero/
49767,publish,Enero - Marzo,2023-05-19 12:48:27,masteruni,745,https://www.uniremington.edu.co/periodico-en-torno/enero-marzo/
43806,publish,Enero - Marzo 2022,2022-04-29 21:33:14,masteruni,361,https://www.uniremington.edu.co/periodico-en-torno/enero-marzo-2022/
56381,publish,Enero - Marzo 2024,2024-05-22 14:28:44,webcreativa,724,https://www.uniremington.edu.co/periodico-en-torno/enero-marzo-2024/
8279,publish,Enfermería - Presencial,2024-06-06 20:55:21,webcreativa,7792,https://www.uniremington.edu.co/facultades/facultad-de-ciencias-de-la-salud/enfermeria/
30830,draft,ENSAYO FERIA,2020-06-12 13:48:44,webcreativa,488,https://www.uniremington.edu.co/?page_id=30830
20174,draft,ensayo plantilla,2019-06-28 19:22:04,webcreativa,11711,https://www.uniremington.edu.co/?page_id=20174
38617,draft,Equivalencias de los cursos de Humanidades,2021-04-20 19:39:50,masteruni,4996,https://www.uniremington.edu.co/?page_id=38617
55881,publish,Escala Salarial 2024,2024-04-11 16:11:49,webcreativa,2377,https://www.uniremington.edu.co/soy-egresado-uniremington/escala-salarial-2024/
60252,publish,Escenarios de práctica,2024-11-20 12:46:36,webcreativa,3052,https://www.uniremington.edu.co/facultades/facultad-de-ciencias-de-la-salud/escenarios-de-practica/
64036,publish,Escenarios de práctica,2025-06-18 15:46:25,rhenao,3185,https://www.uniremington.edu.co/facultades/facultad-de-ciencias-empresariales/escenarios-de-practica/
66766,publish,Escritorio,2025-11-25 20:05:08,acontreras,0,https://www.uniremington.edu.co/escritorio/
49195,publish,Especializaciones,2023-04-11 13:35:42,masteruni,6427,https://www.uniremington.edu.co/especializaciones/
8393,publish,Especialización en Alta Gerencia - Distancia,2018-11-07 21:34:48,webcreativa,3656,https://www.uniremington.edu.co/facultades/facultad-de-ciencias-empresariales/alta-gerencia/
54794,draft,Especialización en Analítica de Datos,2024-02-07 16:14:01,webcreativa,0,https://www.uniremington.edu.co/?page_id=54794
56298,publish,Especialización en Analítica de Datos - Virtual,2024-05-16 14:56:53,webcreativa,3806,https://www.uniremington.edu.co/facultades/facultad-de-ingenierias/especializacion-analitica-datos/
8261,draft,Especialización en Auditoría  en Servicios de Salud - Presencial,2018-11-06 20:10:33,webcreativa,2934,https://www.uniremington.edu.co/?page_id=8261
68834,publish,Especialización en Auditoría y Control - Presencial,2026-03-10 17:38:38,webcreativa,9052,https://www.uniremington.edu.co/facultades/facultad-de-ciencias-contables/auditoria-y-control/
68851,publish,Especialización en Auditoría y Control - Virtual,2026-03-10 17:51:05,webcreativa,8723,https://www.uniremington.edu.co/facultades/facultad-de-ciencias-contables/auditoria-y-control-virtual/
69920,publish,Especialización en Ciberseguridad - Virtual,2026-05-12 21:56:44,webcreativa,7379,https://www.uniremington.edu.co/facultades/facultad-de-ingenierias/especializacion-en-ciberseguridad/
56296,publish,Especialización en Ciencias Forenses Animales - Presencial,2024-05-16 13:55:48,webcreativa,3794,https://www.uniremington.edu.co/facultades/facultad-medicina-veterinaria/especializacion-forenses-animales/
16670,publish,Especialización en Cumplimiento Anti lavado de Activos y Contra la Financiación del Terrorismo,2019-04-05 14:59:20,webcreativa,8962,https://www.uniremington.edu.co/facultades/facultad-de-ciencias-contables/especializacion-en-cumplimiento-anti-lavado-de-activos-y-contra-la-financiacion-del-terrorismo/
8307,draft,Especialización en Derecho Comercial - Presencial,2018-11-06 21:40:35,webcreativa,6274,https://www.uniremington.edu.co/?page_id=8307
8309,publish,Especialización en Derecho Laboral - Presencial,2018-11-06 21:42:30,webcreativa,75439,https://www.uniremington.edu.co/facultades/facultad-de-ciencias-juridicas-y-politicas/derecho-laboral/
68942,draft,Especialización en Derecho Penal - Presencial,2026-03-13 16:55:00,webcreativa,11703,https://www.uniremington.edu.co/?page_id=68942
8305,publish,Especialización en Derecho Penal y Procesal Penal - Presencial,2018-11-06 21:35:36,webcreativa,40066,https://www.uniremington.edu.co/facultades/facultad-de-ciencias-juridicas-y-politicas/derecho-penal/
8323,publish,Especialización en Diagnóstico  por Imagen de Pequeñas Especies - Presencial,2018-11-06 22:05:40,webcreativa,11338,https://www.uniremington.edu.co/facultades/facultad-medicina-veterinaria/diagnostico-por-imagen-de-pequenas-especies/
9638,publish,Especialización en Dirección de Operaciones y Mejoramiento Continuo - Virtual,2018-12-03 14:36:55,webcreativa,10357,https://www.uniremington.edu.co/facultades/facultad-de-ingenierias/direccion-de-operaciones-y-mejoramiento-continuo/
8437,draft,Especialización en Enseñanza de las Ciencias Naturales y Educación Ambiental - Presencial,2018-11-08 16:21:51,webcreativa,1703,https://www.uniremington.edu.co/?page_id=8437
40407,publish,Especialización en Geomática - Presencial,2024-05-10 20:52:36,masteruni,4349,https://www.uniremington.edu.co/facultades/facultad-de-ingenierias/especializacion-en-geomatica/
8398,draft,Especialización en Gerencia Ambiental - Virtual,2018-11-07 21:56:30,webcreativa,4453,https://www.uniremington.edu.co/?page_id=8398
8383,draft,Especialización en Gerencia de la Innovación y Desarrollo Empresarial - Distancia,2018-11-07 20:57:59,webcreativa,3411,https://www.uniremington.edu.co/?page_id=8383
8272,draft,Especialización en Gerencia de la Seguridad y Salud en el Trabajo - Presencial,2018-11-06 20:49:32,webcreativa,4156,https://www.uniremington.edu.co/?page_id=8272
8391,draft,Especialización en Gerencia de Mercadeo - Distancia,2018-11-07 21:31:22,webcreativa,2896,https://www.uniremington.edu.co/?page_id=8391
8385,draft,Especialización en Gerencia de Proyectos - Distancia,2018-11-07 21:03:54,webcreativa,4004,https://www.uniremington.edu.co/?page_id=8385
67785,publish,Especialización en Gerencia de Proyectos - Virtual,2026-02-02 03:28:08,acontreras,33498,https://www.uniremington.edu.co/facultades/facultad-de-ciencias-empresariales/especializacion-en-gerencia-de-proyectos-virtual/
56972,publish,Especialización en Gerencia del Desarrollo Humano - Virtual,2024-06-19 13:00:10,webcreativa,2752,https://www.uniremington.edu.co/facultades/facultad-de-ciencias-empresariales/especializacion-en-gerencia-del-desarrollo-humano/
8389,draft,Especialización en Gerencia del Talento Humano - Distancia,2018-11-07 21:20:20,webcreativa,2394,https://www.uniremington.edu.co/?page_id=8389
30752,publish,Especialización en Gerencia del Turismo - Virtual,2020-06-10 17:14:21,masteruni,4036,https://www.uniremington.edu.co/facultades/facultad-de-ciencias-empresariales/especializacion-en-gerencia-del-turismo-virtual/
8387,draft,Especialización en Gerencia Financiera - Distancia,2018-11-07 21:16:29,webcreativa,2631,https://www.uniremington.edu.co/?page_id=8387
26508,publish,Especialización en Gerencia y Desarrollo de Operaciones Público y Privada de Alimentos - Presencial,2020-02-14 19:55:50,masteruni,5381,https://www.uniremington.edu.co/especializacion-alimentos/
8269,publish,Especialización en Ginecología y Obstetricia - Presencial,2018-11-06 20:46:04,webcreativa,11430,https://www.uniremington.edu.co/facultades/facultad-de-ciencias-de-la-salud/gineco-obstetricia/
8363,draft,Especialización en Gobierno de Tecnologías de la Información - Virtual,2018-11-07 19:58:40,webcreativa,4851,https://www.uniremington.edu.co/?page_id=8363
8355,draft,Especialización en Informática Educativa - Virtual,2018-11-07 19:40:05,webcreativa,3726,https://www.uniremington.edu.co/?page_id=8355
8361,draft,Especialización en Ingeniería de Requerimientos de Software - Presencial,2018-11-07 19:53:15,webcreativa,2766,https://www.uniremington.edu.co/?page_id=8361
8429,draft,Especialización en Legislación Tributaria Nacional e Internacional - Distancia,2018-11-08 16:06:11,webcreativa,5556,https://www.uniremington.edu.co/?page_id=8429
8320,draft,Especialización en Medicina Bovina - Presencial,2018-11-06 22:01:20,webcreativa,4597,https://www.uniremington.edu.co/?page_id=8320
56277,publish,Especialización en Medicina de Fauna Silvestre y Exóticos - Presencial,2024-05-16 00:25:45,webcreativa,5338,https://www.uniremington.edu.co/facultades/facultad-medicina-veterinaria/especializacion-fauna-silvestre-y-exoticos/
56285,publish,Especialización en Medicina Deportiva Equina - Combinada,2024-05-16 12:48:22,webcreativa,3401,https://www.uniremington.edu.co/facultades/facultad-medicina-veterinaria/especializacion-medicina-deportiva-equina/
36166,publish,Especialización en Medicina Familiar - Presencial,2021-04-29 14:37:55,masteruni,5484,https://www.uniremington.edu.co/facultades/facultad-de-ciencias-de-la-salud/especializacion-en-medicina-familiar-presencial/
8395,draft,Especialización en Negocios Internacionales - Distancia,2018-11-07 21:53:44,webcreativa,2937,https://www.uniremington.edu.co/?page_id=8395
8257,publish,Especialización en Pediatría - Presencial,2018-11-06 20:07:26,webcreativa,9937,https://www.uniremington.edu.co/facultades/facultad-de-ciencias-de-la-salud/pediatria/
8289,publish,Especialización en Procedimiento Civil Oral - Presencial,2018-11-06 21:17:42,webcreativa,4981,https://www.uniremington.edu.co/facultades/facultad-de-ciencias-juridicas-y-politicas/procedimiento-civil-oral/
8296,publish,Especialización en Procedimientos en Derecho de Familia - Presencial,2018-11-06 21:20:10,webcreativa,60350,https://www.uniremington.edu.co/facultades/facultad-de-ciencias-juridicas-y-politicas/procedimientos-en-derecho-de-familia/
32525,publish,Especialización en Psiquiatría - Presencial,2020-08-22 01:59:35,webcreativa,3401,https://www.uniremington.edu.co/facultades/facultad-de-ciencias-de-la-salud/especializacion-en-psiquiatria/
8298,publish,Especialización en Responsabilidad Contractual y Extracontractual del Estado - Presencial,2018-11-06 21:30:02,webcreativa,9423,https://www.uniremington.edu.co/facultades/facultad-de-ciencias-juridicas-y-politicas/responsabilidad-contractual-y-extracontractual-del-estado/
8427,draft,Especialización en Revisoría Fiscal y Contraloría - Distancia,2018-11-08 16:02:17,webcreativa,3600,https://www.uniremington.edu.co/?page_id=8427
17066,draft,Especialización en Revisoría Fiscal y Contraloría - Virtual,2019-05-23 13:23:26,webcreativa,4667,https://www.uniremington.edu.co/?page_id=17066
55229,publish,Especialización en Sanidad y Producción Porcina - Combinada,2024-03-05 16:30:40,webcreativa,6180,https://www.uniremington.edu.co/facultades/facultad-medicina-veterinaria/especializacion-en-sanidad-y-produccion-porcina/
8357,draft,Especialización en Seguridad de la Información - Presencial,2018-11-07 19:46:18,webcreativa,4106,https://www.uniremington.edu.co/?page_id=8357
16675,draft,Especialización en Seguridad de la Información - Virtual,2019-04-05 15:32:21,webcreativa,3096,https://www.uniremington.edu.co/?page_id=16675
30550,publish,Especialización en Transformación Digital Productiva - Virtual,2020-06-04 21:16:07,webcreativa,3284,https://www.uniremington.edu.co/facultades/facultad-de-ingenierias/especializacion-en-transformacion-digital-productiva-virtual/
25585,publish,Especialización en Transporte y Movilidad Inteligente - Presencial,2019-11-27 22:47:06,webcreativa,3689,https://www.uniremington.edu.co/facultades/facultad-de-ingenierias/especializacion-en-transporte-y-movilidad-inteligente/
32983,publish,Estados Financieros  Uniremington,2020-09-04 19:26:17,masteruni,1345,https://www.uniremington.edu.co/estados-financieros-cur/
24522,publish,Estamos Enterados,2019-10-03 20:14:36,webcreativa,306,https://www.uniremington.edu.co/estamos-enterados/
20369,publish,Estrategias de la violencia en Colombia,2019-07-03 14:45:49,webcreativa,2336,https://www.uniremington.edu.co/fondo-editorial/libros-de-investigacion/estrategias-de-la-violencia-en-colombia/
44147,publish,Estructura administrativa y funcional,2022-05-16 21:02:43,masteruni,10533,https://www.uniremington.edu.co/fondo-editorial/libros-de-investigacion/observatorio-en-delitos-corporativos/estructura-administrativa-y-funcional/
34224,publish,Estructura orgánica y talento humano.,2020-10-15 20:15:20,masteruni,1995,https://www.uniremington.edu.co/estructura-organica-y-talento-humano/
8653,publish,Estudiante,2018-11-16 14:55:28,webcreativa,31231,https://www.uniremington.edu.co/soy-estudiante-uniremington/
39849,publish,Estudiar en Uniremington Nutrición y Dietética,2021-06-25 13:32:10,masteruni,6708,https://www.uniremington.edu.co/facultades/facultad-de-ciencias-de-la-salud/nutricion-y-dietetica/estudiar-en-uniremington-nutricion-y-dietetica/
68927,publish,Evaluación de cursos y eventos,2026-03-12 21:50:11,acontreras,1478,https://www.uniremington.edu.co/biblioteca/evaluacion-de-cursos-y-eventos/
8872,publish,Eventos,2018-11-21 14:36:05,webcreativa,127,https://www.uniremington.edu.co/eventos/
33417,publish,Eventos de Investigación,2020-09-14 21:20:18,masteruni,2473,https://www.uniremington.edu.co/facultades/facultad-medicina-veterinaria/clinica-veterinaria-remington/eventos-de-investigacion/
60253,publish,Eventos y actividades académicas,2024-11-20 12:50:40,webcreativa,1101,https://www.uniremington.edu.co/facultades/facultad-de-ciencias-de-la-salud/eventos-y-actividades-academicas/
68743,publish,Eventos y comunidad,2026-03-05 17:30:35,acontreras,11419,https://www.uniremington.edu.co/facultades/facultad-de-ciencias-contables/eventos-y-comunidad/
46905,publish,Experiencias latinoamericanas de análisis organizacionales y políticas públicas locales. Volumen I,2022-09-30 17:29:45,masteruni,5121,https://www.uniremington.edu.co/fondo-editorial/libros-de-investigacion/experiencias-latinoamericanas-de-analisis-organizacionales-y-politicas-publicas-locales-volumen-i/
47978,publish,Experiencias latinoamericanas de análisis organizacionales y políticas públicas locales. Volumen II,2022-11-30 13:09:52,masteruni,6900,https://www.uniremington.edu.co/fondo-editorial/libros-de-investigacion/experiencias-latinoamericanas-de-analisis-organizacionales-y-politicas-publicas-locales-volumen-ii/
38872,draft,Extensión y Proyección social,2021-05-05 13:33:27,masteruni,749,https://www.uniremington.edu.co/?page_id=38872
17365,publish,Extensión y Proyección Social,2019-05-29 13:43:21,webcreativa,15211,https://www.uniremington.edu.co/extension-y-posgrados/
32911,publish,Extensión y Proyección social,2020-09-02 23:13:11,masteruni,26471,https://www.uniremington.edu.co/facultades/facultad-medicina-veterinaria/extension-y-proyeccion-social/
38694,publish,Extensión y Proyección social,2021-04-23 21:06:11,masteruni,8689,https://www.uniremington.edu.co/facultades/facultad-de-ciencias-empresariales/extension-y-proyeccion-social/
38885,publish,Extensión y Proyección social,2021-05-05 16:51:52,masteruni,4926,https://www.uniremington.edu.co/armenia/extension-y-proyeccion-social/
16242,publish,Facilidades de Pago,2019-03-28 20:24:23,webcreativa,0,https://www.uniremington.edu.co/soy-estudiante-uniremington/admisiones/facilidades-de-pago/
8073,publish,Facultad de Ciencias Contables,2018-10-30 21:33:48,webcreativa,24468,https://www.uniremington.edu.co/facultades/facultad-de-ciencias-contables/
8068,publish,Facultad de Ciencias de la Salud,2018-10-30 21:27:54,webcreativa,33717,https://www.uniremington.edu.co/facultades/facultad-de-ciencias-de-la-salud/
37873,draft,Facultad de Ciencias de la Salud  Proceso de selección para los posgrados de Medicina,2021-03-09 15:43:58,masteruni,3170,https://www.uniremington.edu.co/?page_id=37873
8077,publish,Facultad de Ciencias Empresariales,2018-10-30 21:35:09,webcreativa,50569,https://www.uniremington.edu.co/facultades/facultad-de-ciencias-empresariales/
8082,publish,Facultad de Ciencias Jurídicas y Políticas,2018-10-30 21:36:38,webcreativa,20844,https://www.uniremington.edu.co/facultades/facultad-de-ciencias-juridicas-y-politicas/
8070,publish,Facultad de Diseño,2018-10-30 21:31:09,webcreativa,12304,https://www.uniremington.edu.co/facultades/facultad-de-diseno/
8084,publish,Facultad de Educación y Ciencias Sociales,2018-10-30 21:37:15,webcreativa,0,https://www.uniremington.edu.co/facultades/facultad-de-educacion-y-ciencias-sociales/
8079,publish,Facultad de Ingenierías,2018-10-30 21:35:50,webcreativa,33333,https://www.uniremington.edu.co/facultades/facultad-de-ingenierias/
30703,draft,Facultad de Medicina Veterinaria,2020-06-09 16:23:18,masteruni,438,https://www.uniremington.edu.co/?page_id=30703
32629,publish,Facultad de Medicina Veterinaria,2020-08-26 13:33:09,masteruni,30950,https://www.uniremington.edu.co/facultades/facultad-medicina-veterinaria/
8075,draft,Facultad de Medicina Veterinaria-back,2018-10-30 21:34:39,webcreativa,150095,https://www.uniremington.edu.co/?page_id=8075
35753,publish,Fauna Silvestre,2021-01-04 15:13:40,masteruni,2414,https://www.uniremington.edu.co/fondo-editorial/libros-academicos-artisticos-o-culturales/fauna-silvestre/
20455,publish,fdsfsdfsfsf,2019-07-04 13:43:33,webcreativa,0,https://www.uniremington.edu.co/charlas-conectate-con-la-u-monteria/
28808,draft,Feria Ciencias de la salud,2020-04-30 19:43:27,masteruni,6161,https://www.uniremington.edu.co/?page_id=28808
44947,publish,Feria Girardota General,2022-06-09 17:03:51,masteruni,2253,https://www.uniremington.edu.co/feria-girardota-general/
44958,draft,Feria Girardota Virtual,2022-06-09 17:02:19,masteruni,1728,https://www.uniremington.edu.co/?page_id=44958
30962,draft,Feria Programas Virtuales,2020-06-15 17:18:50,masteruni,471,https://www.uniremington.edu.co/?page_id=30962
30917,draft,Feria-Facultades-programas,2020-06-13 14:23:39,masteruni,486,https://www.uniremington.edu.co/?page_id=30917
30605,publish,feria-financiacion,2020-06-05 23:40:54,masteruni,471,https://www.uniremington.edu.co/home-feria-financiacion/feria-financiacion/
36428,publish,Filosofía y elementos institucionales,2021-01-19 22:14:45,masteruni,4679,https://www.uniremington.edu.co/identidad-y-mision-institucional/
54250,publish,Fincomercio,2024-01-15 20:15:03,masteruni,7759,https://www.uniremington.edu.co/alternativas-de-financiacion/fincomercio/
68924,publish,Fomento de la lectura,2026-03-12 21:45:26,masteruni,8588,https://www.uniremington.edu.co/biblioteca/fomento-de-la-lectura/
9167,publish,Fondo Editorial Remington - FER,2018-11-23 20:55:12,webcreativa,7459,https://www.uniremington.edu.co/fondo-editorial/
33442,draft,Formatos para descargar,2020-09-15 21:00:19,masteruni,275,https://www.uniremington.edu.co/?page_id=33442
21938,publish,formulario completo,2019-07-24 13:30:57,webcreativa,417,https://www.uniremington.edu.co/formulario-completo/
31654,draft,Formulario de financiación prueba,2020-07-10 15:55:35,masteruni,393,https://www.uniremington.edu.co/?page_id=31654
12597,private,Garzón,2019-01-23 22:07:34,webcreativa,11412,https://www.uniremington.edu.co/garzon/
44458,publish,Gatos en adopción Medellín,2022-05-31 14:55:38,masteruni,2058,https://www.uniremington.edu.co/facultades/facultad-medicina-veterinaria/gatos-en-adopcion-medellin/
45023,publish,Gesciente,2022-06-13 13:24:58,masteruni,29636,https://www.uniremington.edu.co/investigacion/ciencias-contables/gesciente/
16713,publish,Gestión de tarjetas profesionales,2019-04-08 14:56:36,webcreativa,28093,https://www.uniremington.edu.co/soy-egresado-uniremington/tarjetas-profesionales/
61069,publish,Gestión Documental,2024-12-10 12:52:58,webcreativa,68102,https://www.uniremington.edu.co/gestion-documental/
44818,publish,"Gestión sostenible, científica y tecnológica - Gesciente",2022-06-07 20:20:19,masteruni,16491,https://www.uniremington.edu.co/investigacion/ciencias-empresariales/gestion-sostenible-cientifica-y-tecnologica-gesciente/
45028,publish,Giiitec,2022-06-13 13:55:56,masteruni,31868,https://www.uniremington.edu.co/investigacion/ciencias-contables/giiitec/
10636,publish,Gracias,2018-12-12 21:43:13,webcreativa,1915,https://www.uniremington.edu.co/graciass/
11564,publish,Gracias,2018-12-20 22:59:26,webcreativa,2126,https://www.uniremington.edu.co/gracias/
39082,publish,Granada,2021-05-13 13:57:12,masteruni,13410,https://www.uniremington.edu.co/granada/
68587,publish,Grupo de Estudios Legales,2026-02-26 17:47:51,acontreras,4559,https://www.uniremington.edu.co/facultades/facultad-de-ciencias-juridicas-y-politicas/grupo-de-estudios-legales/
11736,publish,Grupo de investigaciones Biomédicas Uniremington - GIB-Ur,2019-01-10 14:12:06,webcreativa,60232,https://www.uniremington.edu.co/investigacion/ciencias-de-la-salud/grupo-de-investigaciones-biomedicas-uniremington/
11317,draft,Grupo de Investigaciones Sociojurídicas,2018-12-19 19:26:24,webcreativa,10224,https://www.uniremington.edu.co/?page_id=11317
44773,publish,Grupo de investigaciones sociojurídicas Uniremington Gisor,2022-06-07 15:39:20,masteruni,60008,https://www.uniremington.edu.co/investigacion/ciencias-juridicas-y-politicas/grupo-de-investigaciones-sociojuridicas-uniremington-gisor/
11850,publish,Grupo de investigación Asimétrico,2019-01-11 21:03:47,webcreativa,69597,https://www.uniremington.edu.co/investigacion/diseno/grupo-de-investigacion-asimetrico/
11836,publish,Grupo de Investigación Capital Contable,2019-01-11 16:37:56,webcreativa,87179,https://www.uniremington.edu.co/investigacion/ciencias-contables/grupo-capital-contable/
11849,draft,Grupo de investigación Divergente,2019-01-11 20:57:28,webcreativa,0,https://www.uniremington.edu.co/?page_id=11849
11780,publish,Grupo de investigación en ingeniería - Ingeniar,2019-01-10 21:35:07,webcreativa,69672,https://www.uniremington.edu.co/investigacion/ingenierias/grupo-de-investigacion-en-ingenieria-ingeniar/
69807,publish,Grupo de investigación en ingeniería - MATREA,2026-05-06 19:47:18,webcreativa,63036,https://www.uniremington.edu.co/investigacion/ingenierias/grupo-de-investigacion-en-ingenieria-matrea/
44828,publish,"Grupo de investigación en ingeniería, industria, tecnología, empresa y computación - Giiitec",2022-06-07 22:34:12,masteruni,21836,https://www.uniremington.edu.co/investigacion/ciencias-empresariales/grupo-de-investigacion-en-ingenieria-industria-tecnologia-empresa-y-computacion-giiitec/
11333,publish,Grupo de Investigación en Neurociencias y Envejecimiento – GISAM,2018-12-19 20:25:13,webcreativa,84013,https://www.uniremington.edu.co/investigacion/ciencias-de-la-salud/grupo-de-investigacion-en-neurociencias-y-envejecimiento-gisam/
11762,draft,Grupo de Investigación en Salud Familiar y Comunitaria,2019-01-10 16:04:22,webcreativa,32616,https://www.uniremington.edu.co/?page_id=11762
11763,publish,Grupo de Investigación en Salud Familiar y Comunitaria,2019-01-10 16:06:50,webcreativa,91807,https://www.uniremington.edu.co/investigacion/ciencias-de-la-salud/grupo-de-investigacion-en-salud-familiar-y-comunitaria/
55461,publish,Grupo de investigación Gesciente,2024-03-19 15:19:14,webcreativa,10375,https://www.uniremington.edu.co/investigacion/ingenierias/grupo-de-investigacion-en-ingenieria-ingeniar/grupo-de-investigacion-gesciente/
44793,publish,"Grupo de investigación multidisciplinario Gestión sostenible, científica y tecnológica - Gesciente",2022-06-07 16:33:51,masteruni,18797,https://www.uniremington.edu.co/investigacion/ciencias-juridicas-y-politicas/grupo-de-investigacion-multidisciplinario-gestion-sostenible-cientifica-y-tecnologica-gesciente/
11266,publish,Grupo de investigación sociojurídicas - GISOR,2018-12-19 16:35:51,webcreativa,17003,https://www.uniremington.edu.co/investigacion/ciencias-juridicas-y-politicas/grupo-de-estudio-de-filosofia-politica-contemporanea/
69823,draft,Grupo de investigación sociojurídicas - GISOR #2,2026-05-07 15:46:27,webcreativa,17003,https://www.uniremington.edu.co/?page_id=69823
11811,publish,Grupo de investigación Uniremington Mundo organizacional,2019-01-11 14:35:03,webcreativa,65035,https://www.uniremington.edu.co/investigacion/ciencias-empresariales/grupo-mundo-organizacional/
11859,publish,Grupo de Investigación Veterinaria Remington - GINVER,2019-01-14 14:15:33,webcreativa,130474,https://www.uniremington.edu.co/investigacion/medicina-veterinaria/grupo-de-investigacion-veterinaria-remington-ginver/
49084,publish,Grupo Interdisciplinario en Estudios Sociohumanísticos y Educativos GESHE,2023-03-29 14:19:44,masteruni,66824,https://www.uniremington.edu.co/humanidades/grupo-interdisciplinario-en-estudios-sociohumanisticos-y-educativos-geshe/
67290,publish,Grupos de Investigación,2025-12-26 16:32:30,acontreras,10993,https://www.uniremington.edu.co/investigacion/grupos-de-investigacion/
9114,publish,Grupos de investigación de Diseño,2018-11-23 15:38:34,webcreativa,9783,https://www.uniremington.edu.co/investigacion/diseno/
49075,publish,Grupos de investigación de humanidades,2023-03-29 13:57:21,masteruni,9475,https://www.uniremington.edu.co/investigacion/grupo-de-investigacion-de-humanidades/
60601,publish,Guía para la construcción de planes comunitarios de gestión del riesgo de desastres: camino hacia la resiliencia,2024-11-27 18:35:41,webcreativa,3851,https://www.uniremington.edu.co/fondo-editorial/libros-academicos-artisticos-o-culturales/guia-para-la-construccion-de-planes-comunitarios-de-gestion-del-riesgo-de-desastres-camino-hacia-la-resiliencia/
61673,publish,Guías para trabajos de grado,2025-01-24 16:47:04,webcreativa,5295,https://www.uniremington.edu.co/biblioteca/guias-para-trabajos-de-grado/
55766,publish,Haz tus prácticas profesionales en la Gobernación de Antioquia,2024-04-04 22:07:38,webcreativa,6485,https://www.uniremington.edu.co/soy-estudiante-uniremington/haz-tus-practicas-profesionales-en-la-gobernacion-de-antioquia/
12515,publish,Historia,2019-01-23 20:29:35,webcreativa,531,https://www.uniremington.edu.co/historia/
51379,publish,home 2023,2023-08-24 21:54:29,masteruni,13359,https://www.uniremington.edu.co/home-2023/
64733,publish,Home de prueba,2025-09-08 20:45:20,masteruni,44534,https://www.uniremington.edu.co/home-de-prueba/
30913,publish,home feria financiación,2020-06-13 01:13:59,masteruni,473,https://www.uniremington.edu.co/home-feria-financiacion/
68913,publish,Horarios de atención en las diversas sedes,2026-03-12 19:46:38,masteruni,11874,https://www.uniremington.edu.co/biblioteca/horarios-en-sedes/
32581,publish,Horarios Medicina Veterinaria,2020-08-31 22:50:05,masteruni,144541,https://www.uniremington.edu.co/facultades/facultad-medicina-veterinaria/horarios-medicina-veterinaria/
30049,publish,Humanidades Nuestro Equipo,2020-05-15 21:49:51,masteruni,11635,https://www.uniremington.edu.co/humanidades-nuestro-equipo/
11194,publish,Ibague,2018-12-18 20:04:36,webcreativa,17869,https://www.uniremington.edu.co/ibague/
47687,draft,Inclemencias,2022-11-08 16:35:35,masteruni,2160,https://www.uniremington.edu.co/?page_id=47687
34187,publish,Información de interés,2020-10-15 19:09:43,masteruni,2857,https://www.uniremington.edu.co/informacion-de-interes/
27504,publish,Información para investigadores,2020-03-25 14:51:01,webcreativa,25037,https://www.uniremington.edu.co/investigacion/informacion-para-investigadores/
42482,publish,Información relacionada con la covid-19,2022-02-03 21:47:59,masteruni,3124,https://www.uniremington.edu.co/informacion-relacionada-con-la-covid-19/
42024,publish,Información relevante para investigadores,2021-12-07 15:46:57,masteruni,8390,https://www.uniremington.edu.co/investigacion/informacion-relevante-para-investigadores/
35118,publish,Informes de gestión,2020-11-12 15:20:17,masteruni,16327,https://www.uniremington.edu.co/informes-de-gestion/
34239,publish,Informes financieros,2020-10-15 20:35:19,masteruni,1702,https://www.uniremington.edu.co/presupuesto/
25844,publish,Ingeniería Ambiental - Distancia,2024-06-17 14:39:29,masteruni,6664,https://www.uniremington.edu.co/facultades/facultad-de-ingenierias/ingenieria-ambiental/
41699,draft,Ingeniería Biomédica - Presencial,2021-11-09 16:01:12,masteruni,4438,https://www.uniremington.edu.co/?page_id=41699
57373,publish,Ingeniería Civil - Presencial,2024-07-15 15:29:31,webcreativa,2876,https://www.uniremington.edu.co/facultades/facultad-de-ingenierias/ingenieria-civil/
8478,publish,Ingeniería de Sistemas - Distancia,2024-06-09 14:04:43,webcreativa,7854,https://www.uniremington.edu.co/facultades/facultad-de-ingenierias/ingenieria-de-sistemas-distancia/
8365,publish,Ingeniería de Sistemas - Presencial,2024-06-07 20:08:52,webcreativa,6901,https://www.uniremington.edu.co/facultades/facultad-de-ingenierias/ingenieria-de-sistemas-presencial/
8367,publish,Ingeniería de Sistemas - Virtual,2024-06-07 20:11:51,webcreativa,3194,https://www.uniremington.edu.co/facultades/facultad-de-ingenierias/ingenieria-de-sistemas-virtual/
66734,publish,Ingeniería en Seguridad y Salud en el Trabajo - Distancia,2025-11-24 21:58:25,masteruni,117290,https://www.uniremington.edu.co/facultades/facultad-de-ingenierias/ingenieria-en-seguridad-y-salud-en-el-trabajo-distancia/
31408,publish,Ingeniería en Seguridad y Salud en el Trabajo - Presencial,2024-06-06 18:37:22,masteruni,43931,https://www.uniremington.edu.co/facultades/facultad-de-ingenierias/ingenieria-en-seguridad-y-salud-en-el-trabajo/
8373,publish,Ingeniería Industrial - Distancia,2024-06-07 20:23:32,webcreativa,6922,https://www.uniremington.edu.co/facultades/facultad-de-ingenierias/ingenieria-industrial-distancia/
30730,publish,Ingeniería Industrial - Presencial,2024-06-10 15:36:17,masteruni,7863,https://www.uniremington.edu.co/facultades/facultad-de-ingenierias/ingenieria-industrial-presencial/
8376,publish,Ingeniería Industrial - Virtual,2024-06-07 20:27:24,webcreativa,9963,https://www.uniremington.edu.co/facultades/facultad-de-ingenierias/ingenieria-industrial-virtual/
9110,publish,Ingenierías,2018-11-23 15:32:05,webcreativa,12941,https://www.uniremington.edu.co/investigacion/ingenierias/
38802,publish,Innovación y reinvención Mentalidad que garantiza el éxito,2021-04-29 19:45:06,masteruni,2454,https://www.uniremington.edu.co/fondo-editorial/libros-academicos-artisticos-o-culturales/innovacion-y-reinvencion-mentalidad-que-garantiza-el-exito/
62995,publish,Inscripciones XIV Encuentro Nacional de Semilleros e Investigación Formativa - Uniremington 2025,2025-05-23 21:52:10,webcreativa,5794,https://www.uniremington.edu.co/investigacion/convocatorias/inscripciones-xiv-encuentro-nacional-semilleros-investigacion-formativa-uniremington-2025/
67897,publish,Insignias digitales,2026-02-03 20:59:23,acontreras,3332,https://www.uniremington.edu.co/insignias-digitales/
8741,publish,Institucional,2018-11-19 16:15:56,webcreativa,29703,https://www.uniremington.edu.co/nuestra-institucion/
56192,publish,Instructivo Exámenes Saber Pro y TyT / 2024-II,2024-05-09 16:20:48,webcreativa,6569,https://www.uniremington.edu.co/soy-estudiante-uniremington/saber-pro-y-tyt-2024-ii/
69259,publish,Instructivo para las pruebas Saber Pro y TyT / 2026-II,2026-03-27 14:02:07,acontreras,5026,https://www.uniremington.edu.co/soy-estudiante-uniremington/instructivo-para-las-pruebas-saber-pro/
61835,publish,Instructivo para los exámenes Saber Pro y TyT / 2025-I,2025-01-31 13:24:53,webcreativa,2537,https://www.uniremington.edu.co/soy-estudiante-uniremington/instructivo-para-los-examenes-saber-pro-y-tyt-2025-i/
63596,publish,Instructivo para los exámenes Saber Pro y TyT / 2025-II,2025-06-06 16:13:10,webcreativa,3233,https://www.uniremington.edu.co/soy-estudiante-uniremington/instructivo-examenes-saber-pro-tyt-2025-ii/
67262,publish,Instructivo para los exámenes Saber Pro y TyT / 2026-I,2025-12-19 19:14:38,webcreativa,3665,https://www.uniremington.edu.co/soy-estudiante-uniremington/instructivo-examenes-saber-pro-tyt-2026-i/
34205,publish,Instrumentos de gestión de información pública.,2020-10-15 19:40:39,masteruni,1269,https://www.uniremington.edu.co/instrumentos-de-gestion-de-informacion-publica/
52729,publish,Internacionalización en casa,2023-10-25 15:58:12,webcreativa,9592,https://www.uniremington.edu.co/internacionalizacion/internacionalizacion-en-casa/
43693,publish,Investigación,2022-04-27 19:49:28,masteruni,38999,https://www.uniremington.edu.co/facultades/facultad-de-ciencias-de-la-salud/investigacion/
41346,draft,Investigación  armenia,2021-10-07 19:47:15,masteruni,684,https://www.uniremington.edu.co/?page_id=41346
9101,publish,Investigación - Ciencias Jurídicas y Políticas,2018-11-23 15:28:14,webcreativa,10418,https://www.uniremington.edu.co/investigacion/ciencias-juridicas-y-politicas/
32859,publish,Investigación Facultad Medicina Veterinaria,2020-09-21 13:53:34,masteruni,4693,https://www.uniremington.edu.co/facultades/facultad-medicina-veterinaria/investigacion-facultad-medicina-veterinaria/
44157,publish,Investigación por demanda,2022-05-16 21:33:41,masteruni,2106,https://www.uniremington.edu.co/fondo-editorial/libros-de-investigacion/observatorio-en-delitos-corporativos/investigacion-por-demanda/
67393,publish,Investigadores Uniremington,2026-01-01 20:55:26,acontreras,4147,https://www.uniremington.edu.co/investigacion/investigadores/
52407,publish,Investigón y Preguntina: sistematización de experiencias como práctica investigativa,2023-10-10 21:42:41,masteruni,4506,https://www.uniremington.edu.co/fondo-editorial/libros-de-investigacion/investigon-y-preguntina-sistematizacion-de-experiencias-como-practica-investigativa/
8202,publish,Ipiales,2018-11-06 16:28:47,webcreativa,15503,https://www.uniremington.edu.co/ipiales/
12287,publish,Jefatura de Gestión Documental,2019-01-22 14:43:08,webcreativa,31232,https://www.uniremington.edu.co/gestion-documental/presentacion-general/
53808,publish,Julio - Octubre,2023-12-13 21:10:39,webcreativa,709,https://www.uniremington.edu.co/periodico-en-torno/julio-octubre/
47455,publish,Julio - Septiembre,2022-10-21 20:49:40,masteruni,361,https://www.uniremington.edu.co/periodico-en-torno/julio-septiembre/
40999,publish,Julio- Agosto,2021-09-17 20:06:38,masteruni,361,https://www.uniremington.edu.co/periodico-en-torno/julio-agosto/
56751,publish,La autoevaluación de los aprendizajes y la formación integral,2024-05-30 14:04:32,webcreativa,4646,https://www.uniremington.edu.co/fondo-editorial/libros-de-investigacion/la-autoevaluacion-aprendizajes/
45132,publish,La buena práctica del cero papel,2022-06-17 21:23:27,masteruni,6513,https://www.uniremington.edu.co/la-buena-practica-del-cero-papel/
20424,publish,La ciudad sin afuera,2019-07-03 20:27:29,webcreativa,2883,https://www.uniremington.edu.co/fondo-editorial/libros-de-investigacion/la-ciudad-sin-afuera/
42959,publish,La ciudad y sus formas de representación. Estrategias del desastre,2022-03-03 21:25:12,masteruni,2139,https://www.uniremington.edu.co/fondo-editorial/libros-de-investigacion/la-ciudad-y-sus-formas-de-representacion-estrategias-del-desastre/
41882,publish,La enseñanza virtual. Socialización de experiencias en la formación en Diseño,2021-11-22 15:29:49,masteruni,2119,https://www.uniremington.edu.co/fondo-editorial/libros-de-investigacion/la-ensenanza-virtual-socializacion-de-experiencias-en-la-formacion-en-diseno/
55794,publish,La evolución del conocimiento científico: cómo construye su conocimiento la ciencia,2024-04-05 22:37:40,webcreativa,1652,https://www.uniremington.edu.co/fondo-editorial/libros-academicos-artisticos-o-culturales/la-evolucion/
38830,publish,La importancia de la risa en la salud de los adultos mayores,2021-04-30 23:05:07,masteruni,1899,https://www.uniremington.edu.co/fondo-editorial/libros-de-investigacion/la-importancia-de-la-risa-en-la-salud-de-los-adultos-mayores/
20493,publish,Laboratorios,2019-07-04 19:17:11,webcreativa,3470,https://www.uniremington.edu.co/facultades/facultad-de-ciencias-de-la-salud/nutricion-y-dietetica/laboratorios/
30406,publish,Laboratorios de ciudad y experiencias humanas,2020-06-02 15:30:37,masteruni,1938,https://www.uniremington.edu.co/laboratorios-de-ciudad-y-experiencias-humanas/
56335,publish,Largo Plazo Icetex,2024-05-21 15:29:46,masteruni,1677,https://www.uniremington.edu.co/alternativas-de-financiacion/lineas-de-credito-icetex/largo-plazo-icetex/
43748,publish,Las tecnologías de la información y de la comunicación como estrategia mediadora en la formación del ingeniero,2022-04-28 13:55:50,masteruni,2141,https://www.uniremington.edu.co/fondo-editorial/libros-de-investigacion/las-tecnologias-de-la-informacion-y-de-la-comunicacion-como-estrategia-mediadora-en-la-formacion-del-ingeniero/
66854,publish,Ley de Utilidad Pública con enfoque de género,2025-11-27 19:59:21,masteruni,1191,https://www.uniremington.edu.co/facultades/facultad-de-ciencias-juridicas-y-politicas/ley-de-utilidad-publica-con-enfoque-de-genero/
10563,publish,"Libros académicos, artísticos o culturales",2018-12-12 15:37:02,webcreativa,70268,https://www.uniremington.edu.co/fondo-editorial/libros-academicos-artisticos-o-culturales/
47675,publish,Libros literatura,2022-11-08 16:32:41,masteruni,16346,https://www.uniremington.edu.co/libros-literarios/
10528,publish,Libros producto de investigación,2018-12-12 15:03:48,webcreativa,82681,https://www.uniremington.edu.co/fondo-editorial/libros-de-investigacion/
57146,publish,Lista de Chequeo ICETEX,2024-06-24 13:48:50,webcreativa,3205,https://www.uniremington.edu.co/lista-de-chequeo-icetex/
12443,private,Lorica,2019-01-23 16:24:18,webcreativa,11706,https://www.uniremington.edu.co/lorica/
29788,publish,Líneas de crédito Icetex,2020-05-11 16:12:52,webcreativa,3522,https://www.uniremington.edu.co/alternativas-de-financiacion/lineas-de-credito-icetex/
45555,publish,Líneas de negocio,2022-07-18 15:02:42,masteruni,6166,https://www.uniremington.edu.co/extension-y-posgrados/lineas-de-negocio/
53854,publish,Lógica de programación con Pseint. Enfoque práctico,2023-12-19 20:45:25,webcreativa,4386,https://www.uniremington.edu.co/fondo-editorial/libros-academicos-artisticos-o-culturales/logica-de-programacion-con-pseint-enfoque-practico/
67723,publish,Maestría en Administración - Presencial,2026-01-30 22:46:59,webcreativa,27022,https://www.uniremington.edu.co/facultades/facultad-de-ciencias-empresariales/maestria-en-administracion/
67956,publish,Maestría en Administración - Virtual,2026-02-04 16:01:17,acontreras,27102,https://www.uniremington.edu.co/facultades/facultad-de-ciencias-empresariales/maestria-en-administracion-virtual/
67713,publish,Maestría en Ciencias de la Salud - Presencial,2026-01-30 22:16:15,masteruni,42487,https://www.uniremington.edu.co/facultades/facultad-de-ciencias-de-la-salud/maestria-en-ciencias-de-la-salud/
67701,publish,Maestría en Clínica y Cirugía Veterinaria - Presencial,2026-01-30 21:57:43,webcreativa,9521,https://www.uniremington.edu.co/facultades/facultad-medicina-veterinaria/maestria-en-clinica-y-cirugia-veterinaria-presencial/
69389,publish,Maestría en Gerencia de Tecnologías de la Información - Presencial,2026-04-13 15:46:14,webcreativa,8813,https://www.uniremington.edu.co/facultades/facultad-de-ingenierias/maestria-en-gerencia-de-tecnologias-de-la-informacion-presencial/
69445,publish,Maestría en Gerencia de Tecnologías de la Información - Virtual,2026-04-13 15:58:40,webcreativa,8911,https://www.uniremington.edu.co/facultades/facultad-de-ingenierias/maestria-en-gerencia-de-tecnologias-de-la-informacion-virtual/
67983,publish,Maestrías,2026-02-04 18:18:38,acontreras,3747,https://www.uniremington.edu.co/maestrias/
8204,publish,Manizales,2018-11-06 16:29:38,webcreativa,19996,https://www.uniremington.edu.co/manizales/
55779,publish,Manual de etnografía culinaria. Un enfoque antropológico,2024-04-05 19:46:48,webcreativa,4430,https://www.uniremington.edu.co/fondo-editorial/libros-academicos-artisticos-o-culturales/manual-de-etnografia-culinaria-un-enfoque-antropologico/
20451,publish,Manual para la asignatura de Costos Empresas de producción y servicios,2019-07-03 22:21:26,webcreativa,3142,https://www.uniremington.edu.co/fondo-editorial/libros-academicos-artisticos-o-culturales/manual-para-la-asignatura-de-costos-empresas-de-produccion-y-servicios/
35099,publish,Manuales Generales,2020-11-12 14:23:10,masteruni,6922,https://www.uniremington.edu.co/manuales-generales/
8415,draft,Marketing - Virtual,2018-11-08 15:17:42,webcreativa,3692,https://www.uniremington.edu.co/?page_id=8415
39049,publish,Marzo - abril,2021-05-12 17:29:56,masteruni,361,https://www.uniremington.edu.co/marzo-abril/
40020,publish,Mayo - Junio,2021-07-08 16:27:18,masteruni,417,https://www.uniremington.edu.co/periodico-en-torno/mayo-junio/
34150,publish,Mecanismos de contacto,2020-10-15 19:05:27,masteruni,3051,https://www.uniremington.edu.co/mecanismos-de-contacto/
8223,publish,Medellín,2018-11-06 16:34:53,webcreativa,21736,https://www.uniremington.edu.co/medellin/
56338,publish,Mediano Plazo Icetex,2024-05-21 15:37:21,masteruni,2498,https://www.uniremington.edu.co/alternativas-de-financiacion/lineas-de-credito-icetex/mediano-plazo-icetex/
8275,publish,Medicina - Presencial,2024-06-06 20:52:18,webcreativa,7484,https://www.uniremington.edu.co/facultades/facultad-de-ciencias-de-la-salud/medicina/
9752,draft,Medicina Veterinaria,2018-12-05 14:41:49,webcreativa,1283,https://www.uniremington.edu.co/?page_id=9752
9099,publish,Medicina Veterinaria,2018-11-23 15:27:33,webcreativa,10121,https://www.uniremington.edu.co/investigacion/medicina-veterinaria/
8325,publish,Medicina Veterinaria - Presencial,2024-06-07 19:24:41,webcreativa,22899,https://www.uniremington.edu.co/facultades/facultad-medicina-veterinaria/medicina-veterinaria-ibague-medellin-monteria-rionegro/
17086,publish,Medición de la transparencia pymes,2019-05-23 20:15:53,webcreativa,15280,https://www.uniremington.edu.co/facultades/facultad-de-ciencias-contables/medicion-de-la-transparencia-pymes/
68677,publish,Medios educativos,2026-03-04 17:42:20,acontreras,24714,https://www.uniremington.edu.co/facultades/facultad-de-ciencias-contables/medios-educativos/
36203,publish,Mercadeo y Estrategia Comercial -Virtual,2024-06-15 13:09:59,masteruni,4816,https://www.uniremington.edu.co/facultades/facultad-de-ciencias-empresariales/profesional-en-mercadeo-y-estrategia-comercial-virtual/
33976,publish,Mesa temática Ciencias de la Salud,2020-10-08 15:39:53,masteruni,29287,https://www.uniremington.edu.co/mesa-tematica-ciencias-de-la-salud/
33968,publish,Mesa temática Facultad de Ciencias Contables,2020-10-08 15:35:18,masteruni,11496,https://www.uniremington.edu.co/mesa-tematica-facultad-de-ciencias-contables/
33997,publish,Mesa temática Facultad de Ciencias Empresariales,2020-10-08 15:38:24,masteruni,14225,https://www.uniremington.edu.co/mesa-tematica-facultad-de-ciencias-empresariales/
34009,publish,Mesa temática Facultad de Ciencias Jurídicas y Políticas,2020-10-08 15:45:10,masteruni,11340,https://www.uniremington.edu.co/mesa-tematica-facultad-de-ciencias-juridicas-y-politicas/
34005,publish,Mesa temática Facultad de Diseño,2020-10-08 15:48:23,masteruni,5143,https://www.uniremington.edu.co/mesa-tematica-facultad-de-diseno/
34020,publish,Mesa temática Facultad de Ingenierías,2020-10-08 15:47:09,masteruni,16537,https://www.uniremington.edu.co/mesa-tematica-facultad-de-ingenierias/
33990,publish,Mesa temática Facultad de Medicina Veterinaria,2020-10-08 15:43:44,masteruni,18950,https://www.uniremington.edu.co/mesa-tematica-facultad-de-medicina-veterinaria/
33984,publish,Mesa temática Simposio - Facultad de Ciencias de la Salud,2020-10-08 15:41:42,masteruni,25734,https://www.uniremington.edu.co/mesa-tematica-simposio-facultad-de-ciencias-de-la-salud/
64374,publish,Mitos y realidades de la violencia de género 2025,2025-08-27 22:56:39,masteruni,873,https://www.uniremington.edu.co/monteria/mitos-y-realidades-de-la-violencia-de-genero/
30245,publish,Modalidades de crédito sufí,2020-05-24 01:18:15,masteruni,5634,https://www.uniremington.edu.co/alternativas-de-financiacion/modalidades-de-credito-sufi/
38305,publish,Modelo de Rendición de Cuentas,2021-03-24 19:27:10,masteruni,633,https://www.uniremington.edu.co/modelo-de-rendicion-de-cuentas/
20347,publish,Modelo metodológico para la coexistencia de las señales de TDT y LTE,2019-07-03 13:27:36,webcreativa,1734,https://www.uniremington.edu.co/fondo-editorial/libros-de-investigacion/modelo-metodologico-para-la-coexistencia-de-las-senales-de-tdt-y-lte/
69288,publish,Modulo de PQRSFD inactivo en periodo de Semana Santa,2026-03-27 21:07:50,masteruni,227,https://www.uniremington.edu.co/modulo-de-pqrsfd-inactivo-en-periodo-de-semana-santa/
8206,publish,Montería,2018-11-06 16:30:02,webcreativa,19282,https://www.uniremington.edu.co/monteria/
58273,publish,Movilidad académica 2025-I,2024-08-29 15:18:52,webcreativa,14314,https://www.uniremington.edu.co/soy-estudiante-uniremington/movilidad-academica-2025-i/
52586,publish,MOVILIDAD ACADÉMICA INTERNACIONAL ENTRANTE  2026-II,2023-10-23 18:59:41,masteruni,8208,https://www.uniremington.edu.co/internacionalizacion/movilidad-de-estudiantes-externos/
50632,draft,Movilidad académica nacional e internacional 2024-II,2023-08-08 20:45:35,webcreativa,8945,https://www.uniremington.edu.co/?page_id=50632
62028,publish,Movilidad académica nacional e internacional 2025-II,2025-02-07 15:33:57,webcreativa,9697,https://www.uniremington.edu.co/soy-estudiante-uniremington/movilidad-academica-nacional-e-internacional-2025-ii/
68277,publish,Movilidad académica nacional e internacional 2026-II,2026-02-12 22:05:00,acontreras,18289,https://www.uniremington.edu.co/soy-estudiante-uniremington/movilidad-academica-nacional-e-internacional/
52559,publish,Movilidad de estudiantes Uniremington,2023-10-23 15:36:49,masteruni,5314,https://www.uniremington.edu.co/internacionalizacion/movilidad-de-estudiantes-uniremington/
52594,publish,Movilidad docente y de personal administrativo,2023-10-23 19:47:38,masteruni,6542,https://www.uniremington.edu.co/internacionalizacion/movilidad-docente-y-de-personal-administrativo/
36455,publish,Mundo organizacional 2020,2021-01-20 14:12:42,masteruni,2122,https://www.uniremington.edu.co/fondo-editorial/libros-de-investigacion/mundo-organizacional-2020/
20351,publish,"Museo de Antioquia Públicos, estrategias y retos",2019-07-03 13:44:14,webcreativa,1765,https://www.uniremington.edu.co/fondo-editorial/libros-de-investigacion/museo-de-antioquia-publicos-estrategias-y-retos/
39811,publish,Nivel de madurez organizacional en la gestión de proyectos en la educación superior,2021-06-21 20:58:47,masteruni,1584,https://www.uniremington.edu.co/fondo-editorial/libros-de-investigacion/nivel-de-madurez-organizacional-en-la-gestion-de-proyectos-en-la-educacion-superior/
33343,publish,Normativa institucional,2020-09-12 17:14:39,masteruni,2127,https://www.uniremington.edu.co/normativa-institucional/
34233,publish,Normatividad,2020-10-15 20:26:52,masteruni,1693,https://www.uniremington.edu.co/normatividad/
13590,draft,Normatividad y formatos,2019-02-05 21:33:50,webcreativa,14113,https://www.uniremington.edu.co/?page_id=13590
38575,publish,Noviembre 2018,2021-04-15 17:11:15,masteruni,1159,https://www.uniremington.edu.co/facultades/facultad-de-ciencias-juridicas-y-politicas/observatorio-de-genero-equidad-y-justicia/boletines/noviembre-2018/
45526,draft,Nuestro equipo,2022-07-18 12:57:33,masteruni,620,https://www.uniremington.edu.co/?page_id=45526
23683,publish,Nuestro Equipo,2019-09-30 16:03:16,webcreativa,13127,https://www.uniremington.edu.co/bienestar/nuestro-equipo/
60179,publish,Nuestro equipo,2024-11-19 18:47:34,webcreativa,11317,https://www.uniremington.edu.co/facultades/facultad-de-ciencias-de-la-salud/nuestro-equipo/
42192,publish,Nuestro equipo,2022-01-14 19:41:57,masteruni,4368,https://www.uniremington.edu.co/fondo-editorial/nuestro-equipo/
42316,publish,Nuestro equipo,2022-01-25 15:36:32,masteruni,23053,https://www.uniremington.edu.co/biblioteca/nuestro-equipo/
42347,publish,Nuestro equipo,2022-01-26 16:04:25,masteruni,3540,https://www.uniremington.edu.co/soy-egresado-uniremington/nuestro-equipo/
44703,publish,Nuestro equipo,2022-06-06 20:14:07,masteruni,11058,https://www.uniremington.edu.co/investigacion/nuestro-equipo/
45528,publish,Nuestro Equipo,2022-07-18 13:07:10,masteruni,20115,https://www.uniremington.edu.co/extension-y-posgrados/nuestro-equipo/
45681,publish,Nuestro equipo,2022-07-28 16:38:13,masteruni,10795,https://www.uniremington.edu.co/facultades/facultad-de-diseno/nuestro-equipo/
65813,publish,Nuestro equipo,2025-10-14 21:37:12,masteruni,4288,https://www.uniremington.edu.co/facultades/facultad-de-ciencias-empresariales/nuestro-equipo/
66699,publish,Nuestro equipo,2025-11-20 20:38:56,acontreras,10823,https://www.uniremington.edu.co/facultades/facultad-de-ciencias-contables/nuestro-equipo/
8284,publish,Nutrición y Dietética - Presencial,2024-06-06 20:59:42,webcreativa,10911,https://www.uniremington.edu.co/facultades/facultad-de-ciencias-de-la-salud/nutricion-y-dietetica/
20418,publish,Objetivos nacionales,2019-07-03 20:21:17,webcreativa,2479,https://www.uniremington.edu.co/fondo-editorial/libros-de-investigacion/objetivos-nacionales/
68575,publish,Observatorio de Equidad y Género,2026-02-26 16:36:32,acontreras,13476,https://www.uniremington.edu.co/facultades/facultad-de-ciencias-juridicas-y-politicas/observatorio-de-equidad-y-genero/
20630,publish,"Observatorio de Género, Equidad y Justicia",2019-07-05 21:22:08,webcreativa,17516,https://www.uniremington.edu.co/facultades/facultad-de-ciencias-juridicas-y-politicas/observatorio-de-genero-equidad-y-justicia/
34856,publish,Observatorio en Delitos Corporativos,2020-11-11 16:40:36,masteruni,6287,https://www.uniremington.edu.co/facultades/facultad-de-ciencias-contables/observatorio-de-delitos-corporativos/
40563,publish,Observatorio en Delitos Corporativos,2021-08-18 19:05:18,masteruni,2075,https://www.uniremington.edu.co/fondo-editorial/libros-de-investigacion/observatorio-en-delitos-corporativos/
48853,publish,Octubre - Diciembre,2023-03-10 17:53:00,masteruni,409,https://www.uniremington.edu.co/periodico-en-torno/octubre-diciembre/
38580,publish,Octubre 2018,2021-04-15 17:17:22,masteruni,1171,https://www.uniremington.edu.co/facultades/facultad-de-ciencias-juridicas-y-politicas/observatorio-de-genero-equidad-y-justicia/boletines/octubre-2018/
50463,publish,Olimpiadas Académicas Uniremington 2024,2023-08-02 13:47:42,webcreativa,4944,https://www.uniremington.edu.co/olimpiadas-academicas-uniremington/
68736,publish,Opciones de grado,2026-03-05 15:36:10,acontreras,27056,https://www.uniremington.edu.co/facultades/facultad-de-ciencias-contables/opciones-de-grado/
65804,publish,Opciones de trabajo de grado - Ciencias Empresariales,2025-10-14 20:22:17,masteruni,4530,https://www.uniremington.edu.co/facultades/facultad-de-ciencias-empresariales/opciones-de-trabajo-de-grado/
52635,publish,Oportunidades de financiación,2023-10-24 15:08:54,masteruni,8129,https://www.uniremington.edu.co/internacionalizacion/oportunidades-de-financiacion/
63747,publish,Organigrama,2025-06-10 20:22:58,masteruni,789,https://www.uniremington.edu.co/organigrama/
33486,publish,Organigrama 2023,2020-09-16 15:16:35,masteruni,1411,https://www.uniremington.edu.co/organigrama-2023-2/
15984,publish,Pago,2019-03-21 16:04:07,webcreativa,311,https://www.uniremington.edu.co/pago/
27534,publish,Pago de cuotas en línea de créditos estudiantiles,2020-03-25 13:40:16,webcreativa,5261,https://www.uniremington.edu.co/soy-estudiante-uniremington/admisiones/pago-de-cuotas-de-creditos-en-linea/
44052,publish,Pago de estudio de crédito CUR,2022-05-12 22:21:58,masteruni,1600,https://www.uniremington.edu.co/soy-estudiante-uniremington/pago-de-estudio-de-credito-cur/
31856,publish,Pago de liquidación,2020-07-18 17:43:23,masteruni,1809,https://www.uniremington.edu.co/pago-de-liquidacion/
60064,publish,Pago en línea,2024-11-14 16:44:04,webcreativa,2568,https://www.uniremington.edu.co/pago-en-linea/
8211,publish,Palmira,2018-11-06 16:31:08,webcreativa,17222,https://www.uniremington.edu.co/palmira/
10502,publish,Pasto,2018-12-11 23:04:03,webcreativa,16360,https://www.uniremington.edu.co/pasto/
45937,publish,Pautas Solicitud de reclamaciones financieras,2022-08-10 19:44:44,masteruni,3433,https://www.uniremington.edu.co/pautas-solicitud-de-reclamaciones-financieras/
52041,publish,Pautas Solicitud de reclamaciones financieras,2023-09-28 13:40:19,masteruni,4046,https://www.uniremington.edu.co/pautas-solicitud-de-reclamaciones-financieras-2/
37939,publish,Paz de Ariporo,2021-03-11 16:32:28,masteruni,14052,https://www.uniremington.edu.co/paz-de-ariporo/
16851,publish,Paz y salvo para egresados,2019-04-08 21:37:01,webcreativa,3544,https://www.uniremington.edu.co/soy-egresado-uniremington/paz-y-salvo/
8209,publish,Pereira,2018-11-06 16:30:44,webcreativa,14786,https://www.uniremington.edu.co/pereira/
64638,publish,Perfil,2025-09-02 19:58:15,masteruni,16063,https://www.uniremington.edu.co/perfil/
8877,publish,Periódico En Torno,2018-11-21 14:47:38,webcreativa,4820,https://www.uniremington.edu.co/periodico-en-torno/
44414,publish,Perros en adopción Medellín,2022-05-31 13:56:15,masteruni,11837,https://www.uniremington.edu.co/facultades/facultad-medicina-veterinaria/perros-en-adopcion-medellin/
12592,private,Pitalito,2019-01-23 22:01:46,webcreativa,11553,https://www.uniremington.edu.co/pitalito/
55189,publish,Plan Refiere y Gana: Políticas y Condiciones,2024-03-01 19:51:21,webcreativa,2751,https://www.uniremington.edu.co/plan-refiere-y-gana-politicas-y-condiciones/
34145,publish,Planeación,2020-10-15 19:04:20,masteruni,1272,https://www.uniremington.edu.co/planeacion/
39306,publish,Planeación tributaria y gestión financiera en el sector de la construcción en Colombia,2021-05-24 13:18:29,masteruni,1981,https://www.uniremington.edu.co/fondo-editorial/libros-de-investigacion/planeacion-tributaria-y-gestion-financiera-en-el-sector-de-la-construccion-en-colombia/
19260,publish,plantilla facultades sedes,2019-06-18 16:28:35,webcreativa,7153,https://www.uniremington.edu.co/plantilla-facultades-sedes/
50499,draft,Plantilla general para programas Seo,2023-08-01 19:22:29,masteruni,5683,https://www.uniremington.edu.co/?page_id=50499
53781,publish,"Podcast ""Entre Líneas""",2023-12-13 15:25:00,webcreativa,41013,https://www.uniremington.edu.co/facultades/facultad-de-diseno/podcast-entre-lineas/
42864,publish,Política de Bienestar Institucional y reglamentos,2022-02-25 16:24:09,masteruni,5105,https://www.uniremington.edu.co/bienestar/reglamentos-afines-politica/
9388,publish,Política de protección de datos personales,2018-11-28 13:19:35,webcreativa,59141,https://www.uniremington.edu.co/politica-de-proteccion-de-datos-personales/
45545,publish,Política y Reglamento,2022-07-18 14:38:26,masteruni,2009,https://www.uniremington.edu.co/extension-y-posgrados/politica-y-reglamento/
32099,publish,Políticas de Cookies,2020-07-29 23:14:08,masteruni,1176,https://www.uniremington.edu.co/politicas-de-cookies/
33139,publish,Políticas y protocolos,2020-09-10 14:05:58,webcreativa,21537,https://www.uniremington.edu.co/nuestra-institucion/politicas/
8213,publish,Popayán,2018-11-06 16:31:35,webcreativa,13538,https://www.uniremington.edu.co/popayan/
18386,publish,Portafolio Maestro,2019-06-06 14:08:08,webcreativa,684,https://www.uniremington.edu.co/extension-y-posgrados/portafolio-maestro/
70123,publish,Postulaciones - Egresado Destacado Uniremington / 2026,2026-05-26 16:11:50,acontreras,8527,https://www.uniremington.edu.co/postulaciones-egresado-destacado-uniremington/
66333,publish,Postulación a grados,2025-11-04 21:59:49,acontreras,180177,https://www.uniremington.edu.co/pagina-de-prueba/
57427,publish,Postulación a Grados Uniremington 2026-II,2024-07-17 16:50:51,webcreativa,230327,https://www.uniremington.edu.co/soy-estudiante-uniremington/grados/
44177,publish,Postulación de artículos,2022-05-16 22:15:35,masteruni,2387,https://www.uniremington.edu.co/fondo-editorial/libros-de-investigacion/observatorio-en-delitos-corporativos/postulacion-de-articulos/
48866,publish,Postulación grados extemporáneos,2023-03-14 20:26:10,masteruni,3360,https://www.uniremington.edu.co/grados/
50171,publish,Postulación-grados-colectivos-distancia-virtualidad,2023-06-29 19:35:03,masteruni,2512,https://www.uniremington.edu.co/postulacion-grados-colectivos-distancia-virtualidad/
50176,publish,Postulación-grados-colectivos-presencial-virtualidad Medellín,2023-06-29 19:50:43,masteruni,2635,https://www.uniremington.edu.co/postulacion-grados-colectivos-presencial-virtualidad-medellin/
50182,publish,Postulación-grados-extemporáneos-presencial-virtualidad,2023-06-29 20:00:06,masteruni,2601,https://www.uniremington.edu.co/postulacion-grados-extemporaneos-presencial-virtualidad/
59770,publish,Postúlate como egresado(a) destacado(a) de Uniremington,2024-11-01 14:21:56,webcreativa,5173,https://www.uniremington.edu.co/soy-egresado-uniremington/postulate-como-egresadoa-destacadoa-de-uniremington/
16892,publish,Practicantes destacados,2019-04-09 21:18:03,webcreativa,1204,https://www.uniremington.edu.co/soy-egresado-uniremington/practicantes-destacados/
20573,publish,prebaslider,2019-07-05 01:00:59,webcreativa,286,https://www.uniremington.edu.co/prebaslider/
12422,publish,Preguntas frecuentes de Gestión Documental,2019-01-23 15:52:49,webcreativa,4940,https://www.uniremington.edu.co/gestion-documental/presentacion-general/preguntas-frecuentes/
56042,publish,Preguntas frecuentes Financiera,2024-04-25 19:55:03,webcreativa,17181,https://www.uniremington.edu.co/soy-estudiante-uniremington/preguntas-financiera/
11717,publish,Presencial,2018-12-21 20:35:32,webcreativa,12394,https://www.uniremington.edu.co/presencial/
33464,draft,Presentación de libro sobre medicina,2020-09-15 21:55:31,masteruni,0,https://www.uniremington.edu.co/?page_id=33464
44406,publish,Proceso de adopción,2022-05-27 21:35:41,masteruni,4791,https://www.uniremington.edu.co/facultades/facultad-medicina-veterinaria/tramite-para-la-adopcion/
41497,publish,Proceso de propuestas investigación en sentido estricto,2021-10-20 16:13:08,masteruni,2066,https://www.uniremington.edu.co/facultades/facultad-medicina-veterinaria/clinica-veterinaria-remington/proceso-de-propuestas-investigacion-en-sentido-estricto/
57677,publish,Proceso de selección / Convocatoria externa especialidades Médico Quirúrgicas 2027-II,2024-08-01 13:36:41,webcreativa,15528,https://www.uniremington.edu.co/facultades/facultad-de-ciencias-de-la-salud/proceso-seleccion-convocatoria-externa/
60060,publish,Proceso para solicitud y expedición de certificados,2024-11-14 22:22:04,webcreativa,8039,https://www.uniremington.edu.co/certificados/
8443,publish,Profesional en Diseño Gráfico - Virtual,2018-11-08 20:02:26,webcreativa,11762,https://www.uniremington.edu.co/facultades/facultad-de-diseno/diseno-grafico-profesional/
8647,publish,Profesores,2018-11-16 14:48:56,webcreativa,11661,https://www.uniremington.edu.co/soy-docente-uniremington/
41199,publish,Programación general de la Semana de la Investigación Uniremington 2023,2021-09-29 14:01:46,masteruni,17441,https://www.uniremington.edu.co/investigacion/semana-de-la-investigacion-uniremington-2023/
8043,publish,Programas,2018-10-30 16:29:06,webcreativa,1208,https://www.uniremington.edu.co/programas/
15418,publish,Programas - Ciencias Empresariales,2019-03-13 14:00:15,webcreativa,526,https://www.uniremington.edu.co/facultades/facultad-de-ciencias-empresariales/programas-ciencias-empresariales/
15427,publish,Programas - Ingenierías,2019-03-13 14:41:25,webcreativa,518,https://www.uniremington.edu.co/facultades/facultad-de-ingenierias/programas-ingenierias/
24986,publish,Promoción y Prevención,2019-10-21 14:47:09,webcreativa,6680,https://www.uniremington.edu.co/bienestar/promocion-y-prevencion/
45287,publish,Propuesta pedagógica,2022-06-24 22:22:28,masteruni,2983,https://www.uniremington.edu.co/fondo-editorial/libros-de-investigacion/propuesta-pedagogica/
54840,publish,Proyección investigativa Uniremington 2024,2024-02-12 15:08:07,webcreativa,2380,https://www.uniremington.edu.co/investigacion/proyeccion-investigativa-uniremington-2024/
68037,publish,Proyección Social,2026-02-05 16:19:43,acontreras,3034,https://www.uniremington.edu.co/extension-y-posgrados/proyeccion-social/
62017,publish,Proyecto educativo institucional - PEI Uniremington,2025-02-07 13:44:05,webcreativa,6227,https://www.uniremington.edu.co/proyecto-educativo-institucional-pei-uniremington/
67913,publish,Proyectos académicos y consultorias,2026-02-03 21:49:56,acontreras,5347,https://www.uniremington.edu.co/extension-y-posgrados/proyectos-academicos-y-consultorias/
62435,publish,prueba clientify,2025-02-28 19:33:15,masteruni,0,https://www.uniremington.edu.co/prueba-clientify/
64652,publish,Prueba para programas ofertados,2025-09-02 20:30:46,masteruni,16063,https://www.uniremington.edu.co/prueba-para-programas-ofertados/
33104,publish,prueba slider,2020-09-09 20:54:41,masteruni,118,https://www.uniremington.edu.co/prueba-slider/
19684,publish,Pruebas grilla programas,2019-06-21 19:46:54,webcreativa,13569,https://www.uniremington.edu.co/facultades/pruebas-grilla-programas/
58592,publish,Prácticas en la Alcaldía de Medellín,2024-09-20 14:21:54,webcreativa,9591,https://www.uniremington.edu.co/soy-estudiante-uniremington/practicas-en-la-alcaldia-de-medellin/
61206,publish,Prácticas Formativas,2024-12-17 12:22:12,webcreativa,5698,https://www.uniremington.edu.co/practicas-formativas/
55832,publish,Prácticas profesionales en la Alcaldía de Medellín - 2024-II,2024-04-10 15:52:06,webcreativa,12617,https://www.uniremington.edu.co/soy-estudiante-uniremington/alcaldia-de-medellin-2024-ii/
51796,publish,Prácticas profesionales en la Alcaldía de Medellín - 2024/1,2023-09-15 22:14:38,webcreativa,6868,https://www.uniremington.edu.co/soy-estudiante-uniremington/practicas-profesionales-en-la-alcaldia-de-medellin-2024-1/
59022,publish,Prácticas profesionales en la Gobernación de Antioquia,2024-10-02 12:50:35,webcreativa,6389,https://www.uniremington.edu.co/soy-estudiante-uniremington/practicas-profesionales-en-la-gobernacion-de-antioquia-2/
52138,publish,Prácticas profesionales en la Gobernación de Antioquia,2023-10-02 19:57:29,masteruni,7029,https://www.uniremington.edu.co/soy-estudiante-uniremington/practicas-profesionales-en-la-gobernacion-de-antioquia/
44045,publish,Publica con nosotros,2022-05-12 19:30:07,masteruni,5039,https://www.uniremington.edu.co/fondo-editorial/publica-con-nosotros/
8870,publish,Publicaciones,2018-11-21 14:35:37,webcreativa,487,https://www.uniremington.edu.co/publicaciones/
12021,publish,Publicaciones de memorias de eventos,2019-01-18 16:32:56,webcreativa,4011,https://www.uniremington.edu.co/fondo-editorial/memorias-de-eventos/
66768,publish,Página de registro para instructores,2025-11-25 20:05:08,acontreras,36,https://www.uniremington.edu.co/pagina-de-registro-para-instructores/
12429,publish,Quibdó,2019-01-23 16:02:26,webcreativa,13680,https://www.uniremington.edu.co/quibdo/
20363,publish,Radiografía de la violencia regional Retos y alientos,2019-07-03 14:18:52,webcreativa,2443,https://www.uniremington.edu.co/fondo-editorial/libros-de-investigacion/radiografia-de-la-violencia-regional-retos-y-alientos/
20354,publish,"Radiografía de la violencia regional Énfasis en niños, niñas y adolescentes",2019-07-03 13:51:04,webcreativa,1788,https://www.uniremington.edu.co/fondo-editorial/libros-de-investigacion/radiografia-de-la-violencia-regional-enfasis-en-ninos-ninas-y-adolescentes/
50100,publish,Reconoce tus derechos - Abril 2023,2023-06-22 13:45:47,masteruni,417,https://www.uniremington.edu.co/facultades/facultad-de-ciencias-juridicas-y-politicas/reconoce-tus-derechos-abril-2023/
45184,publish,Reconoce tus derechos - Junio 2022,2022-06-21 16:18:37,masteruni,417,https://www.uniremington.edu.co/facultades/facultad-de-ciencias-juridicas-y-politicas/junio-reconoce-tus-derechos/
50089,publish,Reconoce tus derechos - Mayo 2023,2023-06-21 21:59:16,masteruni,473,https://www.uniremington.edu.co/facultades/facultad-de-ciencias-juridicas-y-politicas/reconoce-tus-derechos-mayo-2023/
48888,publish,Red de Bibliotecas Gustavo Vásquez Betancourt de Uniremington,2023-03-16 13:30:32,masteruni,3081,https://www.uniremington.edu.co/red-de-bibliotecas-gustavo-vasquez-betancourt-de-uniremington/
67442,publish,Red de Empleabilidad,2026-01-14 20:29:59,acontreras,2758,https://www.uniremington.edu.co/soy-egresado-uniremington/red-de-empleabilidad/
49736,publish,Reflexiones sobre las competencias transversales en la educación superior,2023-05-17 15:54:07,masteruni,2480,https://www.uniremington.edu.co/fondo-editorial/libros-academicos-artisticos-o-culturales/reflexiones-sobre-las-competencias-transversales-en-la-educacion-superior/
66767,publish,Registro de Estudiante,2025-11-25 20:05:08,acontreras,33,https://www.uniremington.edu.co/registro-de-estudiante/
43318,publish,Registro web – Régimen Tributario especial  2023,2022-03-31 21:46:31,masteruni,1773,https://www.uniremington.edu.co/registro-tributario-especial-2023/
53829,publish,Reglamento estudiantil posgrado,2023-12-14 21:46:30,webcreativa,2628,https://www.uniremington.edu.co/soy-estudiante-uniremington/reglamento-estudiantil-posgrado/
51584,publish,Reglamento estudiantil pregrado,2023-09-08 19:34:26,masteruni,4817,https://www.uniremington.edu.co/soy-estudiante-uniremington/reglamento-estudiantil-pregrado/
33161,publish,Reglamentos generales,2020-09-10 13:58:09,webcreativa,12856,https://www.uniremington.edu.co/nuestra-institucion/reglamentos-generales/
33257,publish,Reglamentos orgánicos,2020-09-10 15:05:52,webcreativa,5078,https://www.uniremington.edu.co/nuestra-institucion/reglamentos-organicos/
15976,publish,Remingstore,2019-03-21 15:57:57,webcreativa,299,https://www.uniremington.edu.co/remingstore/
45903,publish,Rendición de Cuentas Uniremington 2025,2022-08-09 14:28:19,masteruni,4984,https://www.uniremington.edu.co/rendicion-de-cuentas/
33421,publish,"Representantes a los Consejos Directivo, Académico y de Facultades de Uniremington",2020-09-18 20:55:36,webcreativa,37970,https://www.uniremington.edu.co/representantes-a-los-consejos/
36888,publish,Requisitos para la renovación de créditos ICETEX,2021-02-01 17:07:11,masteruni,8534,https://www.uniremington.edu.co/requisitos-para-la-renovacion-de-creditos-icetex/
48089,publish,Requisitos posgrados - Facultad de Ciencias de la Salud,2022-12-12 13:22:30,masteruni,2377,https://www.uniremington.edu.co/requisitos-posgrados-ciencias-de-la-salud/
20504,publish,Revistas especializadas y memorias,2019-07-04 20:04:26,webcreativa,13466,https://www.uniremington.edu.co/investigacion/revistas/
20360,publish,"Riesgos con las redes Wi-Fi públicas del centro de Medellín, Colombia",2019-07-03 14:08:18,webcreativa,1921,https://www.uniremington.edu.co/fondo-editorial/libros-de-investigacion/riesgos-con-las-redes-wi-fi-publicas-del-centro-de-medellin-colombia/
21157,publish,Rionegro,2019-07-10 20:48:32,webcreativa,18168,https://www.uniremington.edu.co/rionegro/
27943,publish,Ruta de Formación Humana,2020-05-11 14:35:58,masteruni,23910,https://www.uniremington.edu.co/formacion-humana/
27938,publish,Ruta de Formación Profesional,2020-05-11 14:34:01,masteruni,11456,https://www.uniremington.edu.co/formacion-docente/
35336,draft,Rutas de atención,2020-11-25 14:13:32,masteruni,3095,https://www.uniremington.edu.co/?page_id=35336
42795,publish,Rutas de atención Uniremington,2022-02-24 19:14:07,masteruni,3357,https://www.uniremington.edu.co/bienestar/rutas-de-atencion/
35047,publish,San Gil,2020-11-12 13:14:11,masteruni,13563,https://www.uniremington.edu.co/san-gil/
39124,draft,San José de Guaviare,2021-05-13 14:59:52,masteruni,14078,https://www.uniremington.edu.co/?page_id=39124
39126,draft,San José de Guaviare,2021-05-13 15:05:55,masteruni,13943,https://www.uniremington.edu.co/?page_id=39126
46183,draft,Secretaria general,2022-08-25 15:54:31,masteruni,895,https://www.uniremington.edu.co/?page_id=46183
40713,draft,Semana de la Investigación Uniremington 2021,2021-08-26 21:28:14,masteruni,0,https://www.uniremington.edu.co/?page_id=40713
67359,publish,Semillero de Anatomía Humana,2025-12-30 14:58:17,acontreras,5102,https://www.uniremington.edu.co/investigacion/semilleros-de-investigacion/siah/
70273,publish,Semillero de Investigación - Bienestar y Ambiente,2026-06-02 22:28:57,acontreras,6149,https://www.uniremington.edu.co/investigacion/semilleros-de-investigacion/bienestar-y-ambiente/
70248,publish,Semillero de Investigación - CREA_TIC´s,2026-06-02 15:30:07,acontreras,4890,https://www.uniremington.edu.co/investigacion/semilleros-de-investigacion/crea-tics/
70279,publish,Semillero de Investigación - Diseño de Experiencias (SE),2026-06-02 22:45:15,acontreras,6289,https://www.uniremington.edu.co/investigacion/semilleros-de-investigacion/diseno-de-experiencias/
70243,publish,Semillero de Investigación - Escuela de Consultores en CTEI,2026-06-01 21:42:53,acontreras,6271,https://www.uniremington.edu.co/investigacion/semilleros-de-investigacion/escuela-de-consultores-en-ctei/
70270,publish,Semillero de Investigación - INNOVAINGENIO,2026-06-02 22:04:13,acontreras,6955,https://www.uniremington.edu.co/investigacion/semilleros-de-investigacion/innovaingenio/
70276,publish,Semillero de Investigación - Medicina de la Producción,2026-06-02 22:36:50,acontreras,5873,https://www.uniremington.edu.co/investigacion/semilleros-de-investigacion/medicina-de-la-produccion/
70261,publish,Semillero de Investigación - MITE,2026-06-02 21:07:18,acontreras,6256,https://www.uniremington.edu.co/investigacion/semilleros-de-investigacion/mite/
70251,publish,Semillero de Investigación - RemiBots,2026-06-02 16:08:23,acontreras,5050,https://www.uniremington.edu.co/investigacion/semilleros-de-investigacion/remibots/
70254,publish,Semillero de Investigación - SEINISIR,2026-06-02 16:41:45,acontreras,4744,https://www.uniremington.edu.co/investigacion/semilleros-de-investigacion/seinisir/
70267,publish,Semillero de Investigación - SIMI,2026-06-02 21:46:21,acontreras,6454,https://www.uniremington.edu.co/investigacion/semilleros-de-investigacion/simi/
70264,publish,Semillero de Investigación - SISUT,2026-06-02 21:17:19,acontreras,5501,https://www.uniremington.edu.co/investigacion/semilleros-de-investigacion/sisut/
70258,publish,Semillero de Investigación - SITI,2026-06-02 20:46:41,acontreras,4780,https://www.uniremington.edu.co/investigacion/semilleros-de-investigacion/siti/
67326,publish,Semillero de Investigación Contable,2025-12-30 00:56:02,acontreras,6241,https://www.uniremington.edu.co/investigacion/semilleros-de-investigacion/sincont/
67345,publish,Semillero de Investigación e Innovación del Cuidado de Enfermería,2025-12-30 14:04:35,acontreras,4463,https://www.uniremington.edu.co/investigacion/semilleros-de-investigacion/cuinnovar/
67333,publish,Semillero de Investigación en Estudios Tributarios y Contables,2025-12-30 12:43:59,acontreras,6751,https://www.uniremington.edu.co/investigacion/semilleros-de-investigacion/sitryco/
67364,publish,Semillero de Investigación en Salud,2025-12-30 15:17:51,acontreras,4784,https://www.uniremington.edu.co/investigacion/semilleros-de-investigacion/seres/
67339,publish,Semillero de Investigación en Salud Física y Mental en el Ciclo Vital,2025-12-30 13:55:13,acontreras,4894,https://www.uniremington.edu.co/investigacion/semilleros-de-investigacion/sinsajo/
67375,publish,Semillero de Investigación Famulus,2025-12-30 16:22:02,acontreras,5083,https://www.uniremington.edu.co/investigacion/semilleros-de-investigacion/famulus/
70210,publish,Semillero de Investigación GETAE,2026-06-01 15:26:35,acontreras,4910,https://www.uniremington.edu.co/investigacion/semilleros-de-investigacion/getae/
67319,publish,Semillero de Investigación Huellas,2025-12-29 19:18:04,acontreras,6041,https://www.uniremington.edu.co/investigacion/semilleros-de-investigacion/huellas/
70220,publish,Semillero de Investigación IDEA,2026-06-01 21:06:38,acontreras,5357,https://www.uniremington.edu.co/investigacion/semilleros-de-investigacion/idea/
67370,publish,Semillero de Investigación Litigium,2025-12-30 15:50:42,acontreras,4731,https://www.uniremington.edu.co/investigacion/semilleros-de-investigacion/litigium/
67381,publish,Semillero de Investigación Lupa Jurídica,2025-12-30 16:49:23,acontreras,4780,https://www.uniremington.edu.co/investigacion/semilleros-de-investigacion/lupa-juridica/
67353,publish,Semillero de Investigación Mesa Sana,2025-12-30 14:43:02,acontreras,4964,https://www.uniremington.edu.co/investigacion/semilleros-de-investigacion/mesa-sana/
67387,publish,Semillero de Investigación Ratio Legis,2025-12-30 17:11:55,acontreras,4826,https://www.uniremington.edu.co/investigacion/semilleros-de-investigacion/ratio-legis/
70239,publish,Semillero de Investigación WHITE HAT,2026-06-01 21:20:25,acontreras,5604,https://www.uniremington.edu.co/investigacion/semilleros-de-investigacion/white-hat/
13351,publish,Semilleros de investigación,2019-02-04 14:58:05,webcreativa,101036,https://www.uniremington.edu.co/investigacion/semilleros-de-investigacion/
33410,publish,Semilleros de investigación,2020-09-14 16:44:43,masteruni,5063,https://www.uniremington.edu.co/facultades/facultad-medicina-veterinaria/clinica-veterinaria-remington/semilleros-de-investigacion/
54006,publish,Seminario Creación y comunicación a través del diseño,2023-12-26 20:01:06,webcreativa,7086,https://www.uniremington.edu.co/extension-y-posgrados/seminario-creacion-y-comunicacion-a-traves-del-diseno/
40491,draft,"Sendas del perdón Dos tesis, un caso",2021-08-12 14:50:53,masteruni,1679,https://www.uniremington.edu.co/?page_id=40491
42092,publish,Septiembre - Diciembre,2021-12-16 19:54:11,masteruni,369,https://www.uniremington.edu.co/periodico-en-torno/septiembre-diciembre/
43141,publish,Servicios y beneficios para egresados,2022-03-14 14:37:12,masteruni,67414,https://www.uniremington.edu.co/servicios-y-beneficios-para-egresados/
13918,publish,Simposios de investigación Uniremington,2019-02-11 14:02:51,webcreativa,2905,https://www.uniremington.edu.co/investigacion/simposio-de-investigaciones-uniremington/
20292,publish,Simulador de crédito,2019-07-02 14:55:37,webcreativa,4079,https://www.uniremington.edu.co/soy-estudiante-uniremington/admisiones/simulador-de-credito/
8215,publish,Sincelejo,2018-11-06 16:31:55,webcreativa,15920,https://www.uniremington.edu.co/sincelejo/
62444,publish,Sistema acuífero La Mojana: elementos para la gestión integral del recurso hídrico,2025-02-28 20:57:49,webcreativa,3615,https://www.uniremington.edu.co/fondo-editorial/libros-de-investigacion/sistema-acuifero-la-mojana-elementos-para-la-gestion-integral-del-recurso-hidrico/
12245,publish,Sistema de Acreditación,2019-01-21 20:00:42,webcreativa,7626,https://www.uniremington.edu.co/nuestra-institucion/sistema-de-acreditacion/
8574,publish,Sistema de Bibliotecas Uniremington,2018-11-13 22:09:21,webcreativa,16109,https://www.uniremington.edu.co/biblioteca/
61237,publish,Sistema Interno de Aseguramiento de la Calidad de Uniremington,2024-12-17 16:11:30,webcreativa,8438,https://www.uniremington.edu.co/sistema-interno-aseguramiento-calidad/
62755,draft,Snippet Preview,2025-04-23 13:16:37,webcreativa,0,https://www.uniremington.edu.co/?page_id=62755
11517,publish,Sogamoso,2018-12-20 21:49:46,webcreativa,12729,https://www.uniremington.edu.co/sogamoso/
32141,draft,Solicitud de Certificados,2020-08-03 16:33:36,masteruni,628,https://www.uniremington.edu.co/?page_id=32141
61101,publish,Sostenibilidad,2024-12-10 16:09:30,webcreativa,5939,https://www.uniremington.edu.co/sostenibilidad/
31020,draft,Stand Especialización en Gobierno de Tecnologías de la Información – Virtual,2020-06-17 22:00:18,masteruni,438,https://www.uniremington.edu.co/?page_id=31020
31025,draft,Stand Especialización en Informática Educativa – Virtual,2020-06-18 01:34:45,masteruni,438,https://www.uniremington.edu.co/?page_id=31025
31011,draft,Stand Especialización en Revisoría Fiscal y Contraloría virtual,2020-06-17 17:00:56,masteruni,438,https://www.uniremington.edu.co/?page_id=31011
31023,publish,Stand Especialización en Seguridad de la Información,2020-06-18 01:12:29,masteruni,438,https://www.uniremington.edu.co/stand-especializacion-en-seguridad-de-la-informacion/
30705,publish,Stand Facultad Ciencias Jurídicas y políticas,2020-06-11 14:59:47,masteruni,438,https://www.uniremington.edu.co/stand-facultad-ciencias-juridicas-y-politicas/
30946,publish,Stand financiación Banco Pichincha,2020-06-15 15:40:07,masteruni,463,https://www.uniremington.edu.co/stand-financiacion-banco-pichincha/
30956,publish,Stand Ingeniería industrial virtual,2020-06-15 17:05:48,masteruni,438,https://www.uniremington.edu.co/stand-ingenieria-industrial-virtual/
30954,publish,Stand ingeniería sistemas virtual,2020-06-15 16:56:57,masteruni,438,https://www.uniremington.edu.co/stand-ingenieria-sistemas-virtual/
30944,draft,Stand Líneas de crédito Icetex,2020-06-15 15:32:07,masteruni,438,https://www.uniremington.edu.co/?page_id=30944
30991,draft,Stand Marketing Virtual,2020-06-16 20:43:11,masteruni,438,https://www.uniremington.edu.co/?page_id=30991
30688,draft,Stand Medicina,2020-06-10 22:57:37,masteruni,39550,https://www.uniremington.edu.co/?page_id=30688
30948,draft,Stand Modalidades de Credito Sufi,2020-06-15 15:53:24,masteruni,438,https://www.uniremington.edu.co/?page_id=30948
30693,draft,Stand Nutrición y Dietética,2020-06-11 13:16:24,masteruni,438,https://www.uniremington.edu.co/?page_id=30693
30952,publish,Stand Pago de cuotas de crédito en Línea,2020-06-15 16:11:32,masteruni,438,https://www.uniremington.edu.co/stand-pago-de-cuotas-de-credito-en-linea/
30695,draft,Stand Regencia de farmacia,2020-06-11 13:19:32,masteruni,438,https://www.uniremington.edu.co/?page_id=30695
31006,draft,"Stand Tecnología en Gestión de Derechos Humanos, Paz y Resolución de Conflictos virtual",2020-06-17 16:20:29,masteruni,438,https://www.uniremington.edu.co/?page_id=31006
37920,publish,Tauramena,2021-03-11 15:58:06,masteruni,11516,https://www.uniremington.edu.co/tauramena/
8448,draft,Tecnologia en Diseño Gráfico - Distancia,2018-11-08 20:09:53,webcreativa,3320,https://www.uniremington.edu.co/?page_id=8448
8450,private,Tecnologia en Diseño Gráfico Publicitario - Virtual,2018-11-08 20:13:40,webcreativa,3268,https://www.uniremington.edu.co/facultades/facultad-de-diseno/diseno-grafico-publicitario/
8458,draft,Tecnología Contable y Tributaria - Distancia,2018-11-08 21:09:16,webcreativa,4563,https://www.uniremington.edu.co/?page_id=8458
8435,draft,Tecnología Contable y Tributaria - Presencial,2018-11-08 16:18:29,webcreativa,3400,https://www.uniremington.edu.co/?page_id=8435
16681,draft,Tecnología Desarrollo de Software - Distancia,2019-04-05 16:06:21,webcreativa,9427,https://www.uniremington.edu.co/?page_id=16681
8378,publish,Tecnología en Desarrollo de Software - Presencial,2024-05-07 20:34:30,webcreativa,9629,https://www.uniremington.edu.co/facultades/facultad-de-ingenierias/desarrollo-de-software-presencial/
8380,publish,Tecnología en Desarrollo de Software - Virtual,2024-05-07 20:38:32,webcreativa,12650,https://www.uniremington.edu.co/facultades/facultad-de-ingenierias/desarrollo-de-software-virtual/
8419,draft,Tecnología en Gestión  Empresarial y Financiera - Presencial,2018-11-08 15:33:15,webcreativa,4050,https://www.uniremington.edu.co/?page_id=8419
25936,draft,"Tecnología en Gestión de Derechos Humanos, Paz y Resolución de Conflictos - Virtual",2020-01-22 20:14:57,masteruni,4083,https://www.uniremington.edu.co/?page_id=25936
8421,draft,Tecnología en Gestión Logística - Distancia,2018-11-08 15:39:15,webcreativa,3390,https://www.uniremington.edu.co/?page_id=8421
8425,draft,Tecnología en Gestión Pública - Distancia,2018-11-08 15:59:00,webcreativa,2977,https://www.uniremington.edu.co/?page_id=8425
8287,publish,Tecnología en Regencia de Farmacia - Presencial,2018-11-06 21:03:31,webcreativa,8222,https://www.uniremington.edu.co/facultades/facultad-de-ciencias-de-la-salud/regencia-de-farmacia/
67794,publish,Tecnología en Regencia de Farmacia - Virtual,2026-02-02 13:52:03,acontreras,40849,https://www.uniremington.edu.co/facultades/facultad-de-ciencias-de-la-salud/tecnologia-en-regencia-de-farmacia-virtual/
52334,publish,Tecnologías,2023-10-05 16:05:11,masteruni,2925,https://www.uniremington.edu.co/tecnologias/
20357,publish,The dark side of the mining ‘boom’ in Colombia,2019-07-03 14:01:27,webcreativa,1778,https://www.uniremington.edu.co/fondo-editorial/libros-de-investigacion/the-dark-side-of-the-mining-boom-in-colombia/
37021,publish,Trabajos de Grado,2021-02-04 13:13:18,masteruni,4682,https://www.uniremington.edu.co/facultades/facultad-medicina-veterinaria/trabajos-de-grado/
34134,publish,Transparencia,2020-10-15 13:09:09,masteruni,5963,https://www.uniremington.edu.co/transparencia/
11477,publish,Tres metodologías de educación con calidad integral,2018-12-20 20:56:07,webcreativa,7024,https://www.uniremington.edu.co/soy-aspirante-uniremington/tres-metodologias-de-educacion-con-calidad-integral/
34264,draft,Trámites y servicios,2020-10-15 21:13:47,masteruni,0,https://www.uniremington.edu.co/?page_id=34264
26928,draft,Tu nota,2020-03-02 19:30:20,webcreativa,1915,https://www.uniremington.edu.co/?page_id=26928
11451,publish,Tu Proyecto Académico,2018-12-20 20:14:55,webcreativa,5689,https://www.uniremington.edu.co/soy-aspirante-uniremington/tu-proyecto-academico/
8217,publish,Tuluá,2018-11-06 16:32:16,webcreativa,13922,https://www.uniremington.edu.co/tulua/
8219,publish,Tumaco,2018-11-06 16:32:45,webcreativa,13357,https://www.uniremington.edu.co/tumaco/
8194,publish,Tunja,2018-11-06 16:26:42,webcreativa,13384,https://www.uniremington.edu.co/tunja/
54946,publish,Turnitin: preguntas frecuentes,2024-02-16 14:02:49,webcreativa,3483,https://www.uniremington.edu.co/soy-docente-uniremington/turnitin-preguntas-frecuentes/
9051,publish,Tutoriales,2018-11-22 21:17:26,webcreativa,2087,https://www.uniremington.edu.co/biblioteca/tutoriales/
11392,publish,Tutoriales SIM,2018-12-20 14:24:44,webcreativa,944,https://www.uniremington.edu.co/soy-empleado-uniremington/tutoriales-sim/
38018,draft,Técnica profesional en secretariado ejecutivo - Distancia,2021-03-15 21:11:09,masteruni,5021,https://www.uniremington.edu.co/?page_id=38018
22107,draft,Técnico laboral por Competencias en Auxiliar Administrativo - Presencial,2019-07-25 15:43:51,webcreativa,2515,https://www.uniremington.edu.co/?page_id=22107
22066,draft,Técnico Laboral por Competencias en Carrocerías para Automóviles - Presencial,2019-07-25 14:51:17,webcreativa,3045,https://www.uniremington.edu.co/?page_id=22066
44170,publish,Términos de referencia,2022-05-16 22:08:39,masteruni,5396,https://www.uniremington.edu.co/fondo-editorial/libros-de-investigacion/observatorio-en-delitos-corporativos/terminos-de-referencia/
40326,publish,U Diversa,2021-08-04 19:57:34,masteruni,11933,https://www.uniremington.edu.co/u-diversa/
68468,publish,UGIS – Unidad de Gestión e Impacto Social,2026-02-24 19:57:21,acontreras,19909,https://www.uniremington.edu.co/facultades/facultad-de-ciencias-juridicas-y-politicas/ugis-unidad-de-gestion-e-impacto-social/
56762,publish,Una agenda en movimiento. Planeación y ordenamiento territorial en contexto,2024-05-30 14:51:19,webcreativa,4168,https://www.uniremington.edu.co/fondo-editorial/libros-de-investigacion/agenda-en-movimiento/
30537,publish,Una alternativa que suma… Crédito para educación COMFAMA,2020-06-04 16:26:15,masteruni,5814,https://www.uniremington.edu.co/credito-educativo-comfama/
48245,draft,Uniremington Bogotá Biblioteca Gustavo Vásquez Betancourt,2023-01-23 14:05:12,masteruni,1038,https://www.uniremington.edu.co/?page_id=48245
23492,publish,Uniremington En Vivo,2019-09-25 17:00:05,webcreativa,673,https://www.uniremington.edu.co/uniremington-en-vivo/
12415,publish,Uniremington sede Sahagún,2019-01-23 15:46:51,webcreativa,16463,https://www.uniremington.edu.co/sahagun/
8879,publish,Uniremington TV,2018-11-21 14:48:15,webcreativa,0,https://www.uniremington.edu.co/uniremington-tv/
8863,publish,Vicerrectoría de Investigaciones,2018-11-21 14:33:04,webcreativa,23921,https://www.uniremington.edu.co/investigacion/
38056,publish,Villanueva,2021-03-15 20:08:48,masteruni,11831,https://www.uniremington.edu.co/villanueva/
21597,draft,Villavicencio,2019-07-16 17:01:15,webcreativa,11943,https://www.uniremington.edu.co/?page_id=21597
21669,draft,Villavicencio,2019-07-18 13:24:17,webcreativa,13848,https://www.uniremington.edu.co/?page_id=21669
8884,publish,Virtual,2018-11-21 14:50:11,webcreativa,9799,https://www.uniremington.edu.co/virtual/
16306,publish,Webmasters,2019-03-29 21:43:17,webcreativa,2577,https://www.uniremington.edu.co/webmasters/
12439,private,Yarumal,2019-01-23 16:21:40,webcreativa,11489,https://www.uniremington.edu.co/yarumal/
8221,publish,Yopal,2018-11-06 16:34:01,webcreativa,14946,https://www.uniremington.edu.co/yopal/
62041,publish,¡Asesorías abiertas para el proceso de prácticas!,2025-02-07 21:14:05,webcreativa,1723,https://www.uniremington.edu.co/soy-estudiante-uniremington/asesorias-abiertas-para-el-proceso-de-practicas/
55756,publish,¡Desafío Pro! - Preguntas Frecuentes,2024-04-04 19:34:45,webcreativa,2933,https://www.uniremington.edu.co/soy-estudiante-uniremington/desafio-pro-preguntas-frecuentes/
65234,publish,¡Postúlate a la convocatoria de la red eMOVIES!,2025-09-19 12:51:17,masteruni,5803,https://www.uniremington.edu.co/soy-estudiante-uniremington/postulate-a-la-convocatoria-de-la-red-emovies/
65063,publish,¡Postúlate a la convocatoria del programa Paloma!,2025-09-16 18:17:23,masteruni,7598,https://www.uniremington.edu.co/postulate-a-la-convocatoria-del-programa-paloma/
49107,draft,¡Prepárate para los exámenes Saber Pro y T y T 2023!,2023-03-29 15:08:22,masteruni,266,https://www.uniremington.edu.co/?page_id=49107
8859,publish,¿Dónde estamos?,2018-11-21 14:17:14,webcreativa,1547,https://www.uniremington.edu.co/donde-estamos/
57272,draft,¿Sabes cuáles son los virus silenciosos que pueden enfermar a tu gato?,2024-07-04 21:35:49,webcreativa,289,https://www.uniremington.edu.co/?page_id=57272
8065,publish,Áreas de Estudio,2018-10-30 21:25:13,webcreativa,11602,https://www.uniremington.edu.co/facultades/
