post_id,status,title,date,author,content_chars,link
25290,draft,,2019-11-05 15:59:10,webcreativa,191,https://www.uniremington.edu.co/?p=25290
27348,draft,,2020-03-17 19:44:45,webcreativa,0,https://www.uniremington.edu.co/?p=27348
32953,draft,,2020-09-03 19:35:10,webcreativa,7,https://www.uniremington.edu.co/?p=32953
33904,draft,,2020-10-02 20:37:33,webcreativa,0,https://www.uniremington.edu.co/?p=33904
60870,draft,,2024-12-02 17:59:31,webcreativa,355,https://www.uniremington.edu.co/?p=60870
22389,publish,"""Tú eliges"" amplía sus plazos de líneas de crédito",2019-08-08 22:51:54,webcreativa,315,https://www.uniremington.edu.co/tu-eliges-amplia-sus-plazos-de-lineas-de-credito/
17535,private,01 de marzo de 2019 día del contador de la corporación Remington,2019-05-30 14:01:25,webcreativa,1158,https://www.uniremington.edu.co/01-de-marzo-de-2019-dia-del-contador-de-la-corporacion-remington/
31452,publish,12.a Parada Juvenil de la Lectura de la Alcaldía de Medellín,2020-07-08 14:54:50,masteruni,3116,https://www.uniremington.edu.co/12-a-parada-juvenil-de-la-lectura-de-la-alcaldia-de-medellin-el-fer-participa-por-primera-vez/
30076,draft,14.a Feria Popular virtual - Días del Libro Participación del Fondo Editorial Remington - FER,2020-05-15 22:52:20,masteruni,3514,https://www.uniremington.edu.co/?p=30076
37403,publish,Abierta recepción de artículos para la RHS,2021-03-02 15:31:01,masteruni,5616,https://www.uniremington.edu.co/abierta-recepcion-de-articulos-para-la-rhs/
53600,publish,Abriendo puertas al acceso al conocimiento,2023-11-28 21:54:08,webcreativa,2643,https://www.uniremington.edu.co/abriendo-puertas-al-acceso-al-conocimiento/
43369,publish,Académicos Uniremington en revistas Q1,2022-04-01 20:08:12,masteruni,8767,https://www.uniremington.edu.co/academicos-uniremington-en-revistas-q1/
28003,publish,Acceso gratuito desde tu casa a los recursos digitales de la biblioteca de Uniremington,2020-04-14 19:55:39,masteruni,3267,https://www.uniremington.edu.co/acceso-gratuito-desde-tu-casa-a-los-recursos-digitales-de-la-biblioteca-de-uniremington/
31715,publish,Acogemos las medidas de la Alcaldía de Medellín,2020-07-13 21:23:59,webcreativa,1477,https://www.uniremington.edu.co/acogemos-las-medidas-de-la-alcaldia-de-medellin/
42542,publish,Acompañamiento académico y psicosocial,2022-02-07 15:34:06,masteruni,4872,https://www.uniremington.edu.co/acompanamiento-academico-y-psicosocial/
43420,publish,Acreditación en Alta Calidad,2022-04-04 22:00:21,masteruni,6287,https://www.uniremington.edu.co/acreditacion-en-alta-calidad/
58586,publish,Actualización jurídica,2024-09-20 13:25:50,webcreativa,4199,https://www.uniremington.edu.co/actualizacion-juridica/
50131,publish,Acuerdo académico entre universidad brasileña y Uniremington,2023-06-26 17:03:56,masteruni,4207,https://www.uniremington.edu.co/acuerdo-academico-entre-universidad-brasilena-y-uniremington/
58343,publish,Adultos mayores y emprendimiento,2024-09-05 13:49:26,webcreativa,7504,https://www.uniremington.edu.co/adultos-mayores-y-emprendimiento/
38132,draft,Advising Program para estudiantes Uniremington,2021-03-19 22:00:35,masteruni,4187,https://www.uniremington.edu.co/?p=38132
42970,publish,Alianza para acceso a la educación,2022-03-04 14:46:10,masteruni,8914,https://www.uniremington.edu.co/alianza-para-acceso-a-la-educacion/
36728,publish,Amplio portafolio de servicios jurídicos,2021-01-28 13:48:47,masteruni,2067,https://www.uniremington.edu.co/amplio-portafolio-de-servicios-juridicos/
48950,publish,Andrés Silva Bolívar Primer puesto en la categoría “Aventuras”.,2023-09-04 22:09:17,masteruni,1559,https://www.uniremington.edu.co/andres-silva-bolivar-primer-puesto-en-la-categoria-aventuras-del-programa-antioquia-es-magica/
59084,publish,Aniversario 109 de la Organización Remington,2024-10-03 13:28:28,webcreativa,8271,https://www.uniremington.edu.co/aniversario-109-de-la-organizacion-remington/
65627,publish,Aniversario 110 de la Organización Remington celebrado en todas sus sedes,2025-10-03 16:56:22,acontreras,6461,https://www.uniremington.edu.co/aniversario-organizacion-remington-en-sedes/
47644,publish,Análisis organizacionales y políticas públicas locales,2022-11-04 14:37:26,masteruni,5103,https://www.uniremington.edu.co/analisis-organizacionales-y-politicas/
25292,publish,Apertura de la semana cultural Uniremington,2019-11-05 16:20:29,webcreativa,2664,https://www.uniremington.edu.co/apertura-de-la-semana-cultural-uniremington/
69617,publish,Apertura del Centro de conciliación en Uniremington Ibagué,2026-04-20 21:04:40,acontreras,7931,https://www.uniremington.edu.co/apertura-del-centro-de-conciliacion-en-uniremington-ibague/
66581,publish,Apertura global con Alemania en la Semana Internacional Uniremington,2025-11-13 14:04:03,acontreras,6044,https://www.uniremington.edu.co/apertura-global-con-alemania-en-la-semana-internacional-uniremington/
46695,publish,Aprende Excel básico,2022-09-19 19:03:13,masteruni,5825,https://www.uniremington.edu.co/aprende-excel-basico/
43911,publish,Aprender inglés es esencial,2022-05-06 15:38:16,masteruni,4890,https://www.uniremington.edu.co/aprender-ingles-es-esencial/
41105,publish,Aprendizaje colaborativo sobre investigación,2021-09-23 21:57:06,masteruni,7011,https://www.uniremington.edu.co/aprendizaje-colaborativo-sobre-investigacion/
54851,publish,Aprobadas condiciones de calidad en Uniremington Sincelejo,2024-02-12 16:36:11,webcreativa,2117,https://www.uniremington.edu.co/aprobadas-condiciones-de-calidad-en-uniremington-sincelejo/
60630,publish,Apuntes históricos sobre amibiasis pulmonar y bronquial,2024-11-27 21:32:47,webcreativa,5816,https://www.uniremington.edu.co/apuntes-historicos-sobre-amibiasis-pulmonar-y-bronquial/
41026,publish,Asesorías Académicas,2021-09-21 16:49:22,webcreativa,752,https://www.uniremington.edu.co/asesorias-academicas/
41417,publish,Asesorías académicas en Ingenierías,2021-10-12 16:14:54,masteruni,5635,https://www.uniremington.edu.co/asesorias-academicas-en-ingenierias/
39932,publish,Asesorías académicas estudiantiles – 2021,2021-02-18 22:03:49,masteruni,7606,https://www.uniremington.edu.co/asesorias-academicas-estudiantiles-2021/
44006,publish,Asesorías jurídicas en el centro de Medellín,2022-05-10 22:36:41,masteruni,4479,https://www.uniremington.edu.co/asesorias-juridicas-en-el-centro-de-medellin/
45039,publish,Asesorías jurídicas para venteros informales,2022-06-13 20:31:55,masteruni,5270,https://www.uniremington.edu.co/asesorias-juridicas-para-venteros-informales/
28445,publish,Asesorías jurídicas virtuales gratuitas,2020-04-27 16:59:08,masteruni,2535,https://www.uniremington.edu.co/asesorias-juridicas-virtuales-gratuitas/
39610,publish,Asesorías presenciales Icetex,2021-06-01 22:54:39,masteruni,2801,https://www.uniremington.edu.co/asesorias-presenciales-icetex/
31795,publish,Asesorías virtuales Icetex,2020-07-21 13:27:12,masteruni,1464,https://www.uniremington.edu.co/asesorias-virtuales-icetex/
39584,publish,Asesorías virtuales Icetex,2021-05-31 20:10:03,masteruni,2961,https://www.uniremington.edu.co/asesorias-virtuales-icetex-2/
61911,publish,Asfacop avala proyecto para fortalecimiento de pymes,2025-01-31 22:03:16,webcreativa,6045,https://www.uniremington.edu.co/asfacop-avala-proyecto-para-fortalecimiento-de-pymes/
66714,publish,Asiesda entrega galardón a Uniremington por los 110 años de la Organización Remington,2025-11-21 20:42:23,acontreras,5348,https://www.uniremington.edu.co/asiesda-entrega-galardon-a-uniremington/
25282,publish,Así celebraron nuestros estudiantes en su ceremonia de graduación,2019-11-05 15:00:18,webcreativa,1213,https://www.uniremington.edu.co/asi-celebraron-nuestros-estudiantes-en-su-ceremonia-de-graduacion/
47906,draft,Auto Dispone Acumulación de Tutelas,2022-11-24 02:30:53,masteruni,2502,https://www.uniremington.edu.co/?p=47906
68421,publish,Avanza socialización de proceso de acreditación de alta calidad en Uniremington,2026-02-20 20:03:00,acontreras,7613,https://www.uniremington.edu.co/avanza-socializacion-de-proceso-de-acreditacion-de-alta-calidad-en-uniremington/
31693,publish,Banco Pichincha + Credyty,2020-07-13 20:55:30,webcreativa,691,https://www.uniremington.edu.co/banco-pichincha-credyty/
48671,publish,Beca Comedal para estudiante de Uniremington,2023-02-23 13:56:57,masteruni,4057,https://www.uniremington.edu.co/beca-comedal-para-estudiante-de-uniremington/
48535,publish,Beca internacional enorgullece a docente de Uniremington,2023-02-17 18:42:28,masteruni,5128,https://www.uniremington.edu.co/beca-internacional-enorgullece-a-docente-de-uniremington/
38228,publish,Becas para estudiantes del programa de Medicina Veterinaria,2021-03-19 22:03:50,masteruni,2754,https://www.uniremington.edu.co/becas-para-estudiantes-del-programa-de-medicina-veterinaria/
48213,publish,Biblioteca de Uniremington Bogotá a tu servicio,2023-01-19 12:39:50,masteruni,3486,https://www.uniremington.edu.co/biblioteca-de-uniremington-bogota-a-tu-servicio/
40625,publish,Bienestar Institucional piensa en ti,2021-08-25 22:07:21,masteruni,22742,https://www.uniremington.edu.co/bienestar-institucional-piensa-en-ti/
24921,publish,Bingo de la afectividad,2019-10-16 20:21:52,webcreativa,653,https://www.uniremington.edu.co/bingo-de-la-afectividad/
39980,publish,Bolsa de Empleo Uniremington – Guía para empresas,2021-02-18 13:08:29,masteruni,2796,https://www.uniremington.edu.co/bolsa-de-empleo-uniremington-guia-para-empresas/
38000,draft,Brigada jurídica gratuita en la comuna 3 de Medellín,2021-03-12 22:54:49,masteruni,1320,https://www.uniremington.edu.co/?p=38000
38009,draft,Brigada jurídica gratuita en la comuna 3 de Medellín,2021-03-15 13:35:33,masteruni,4703,https://www.uniremington.edu.co/?p=38009
39818,publish,Brigada jurídica Uniremington en la comuna 13 de Medellín,2021-06-21 22:15:25,masteruni,3448,https://www.uniremington.edu.co/brigada-juridica-uniremington-en-la-comuna-13-de-medellin/
39732,publish,Calendario Académico sede Manizales,2021-06-16 20:55:13,webcreativa,1719,https://www.uniremington.edu.co/calendario-academico-sede-manizales/
35354,pending,Calendario Académico y Financiero 2021-1,2020-11-25 21:52:14,webcreativa,1033,https://www.uniremington.edu.co/?p=35354
17695,publish,Caminata de integración Viviendo una noche espectacular,2019-05-31 19:51:35,webcreativa,953,https://www.uniremington.edu.co/caminata-de-integracion-viviendo-una-noche-espectacular/
61957,publish,Campamento de aprendizaje e integración empresarial,2025-02-04 14:02:21,webcreativa,6463,https://www.uniremington.edu.co/campamento-de-aprendizaje-e-integracion-empresarial/
41631,publish,Candidatos a órganos colegiados Uniremington,2021-10-26 21:54:57,masteruni,13356,https://www.uniremington.edu.co/candidatos-a-organos-colegiados-uniremington/
41730,publish,Candidatos definitivos a órganos colegiados Uniremington,2021-11-09 21:09:19,masteruni,10793,https://www.uniremington.edu.co/candidatos-definitivos-a-organos-colegiados-uniremington/
47402,publish,Candidatos inscritos a Órganos colegiados de Uniremington,2022-10-20 20:50:32,masteruni,10439,https://www.uniremington.edu.co/candidatos-inscritos-a-organos-colegiados-de-uniremington/
26700,publish,Carnavales de Sahagún 2020,2020-02-21 22:11:30,webcreativa,230,https://www.uniremington.edu.co/carnavales-de-sahagun-2020/
32037,publish,Cartilla Autocuidado en casa,2020-07-27 21:16:53,masteruni,1423,https://www.uniremington.edu.co/cartilla-autocuidado-en-casa/
40243,publish,Casanare Joven beneficia a estudiantes de Uniremington,2021-07-29 15:37:31,masteruni,7936,https://www.uniremington.edu.co/casanare-joven-beneficia-a-estudiantes-de-uniremington/
30252,draft,Celebración mensual de la Santa Eucaristía en Uniremington,2020-05-27 17:01:21,webcreativa,704,https://www.uniremington.edu.co/?p=30252
40403,publish,Centenario de un creador - 100 poemas,2021-08-09 14:22:24,masteruni,3484,https://www.uniremington.edu.co/centenario-de-un-creador-100-poemas/
35730,publish,Centro de Atención Veterinaria de Fauna Silvestre,2020-12-18 14:33:31,masteruni,3932,https://www.uniremington.edu.co/centro-de-atencion-veterinaria-de-fauna-silvestre/
42428,publish,Ceremonia de Batas Blancas,2022-01-31 15:23:13,masteruni,5757,https://www.uniremington.edu.co/ceremonia-de-batas-blancas/
21755,publish,Ceremonia de graduación,2019-07-18 21:58:38,webcreativa,867,https://www.uniremington.edu.co/ceremonia-de-graduacion/
69779,publish,Ceremonia de la Luz alumbra el camino de estudiantes de Enfermería de Uniremington,2026-05-05 18:56:42,acontreras,6693,https://www.uniremington.edu.co/ceremonia-de-la-luz-alumbra-el-camino-de-estudiantes-de-enfermeria-de-uniremington/
57666,draft,Ceremonias de grados 2024-I,2024-07-31 21:15:55,webcreativa,8012,https://www.uniremington.edu.co/?p=57666
32508,publish,Certificado Icontec al Sistema de Gestión de la Organización,2020-08-25 15:51:34,masteruni,1617,https://www.uniremington.edu.co/certificado-icontec-al-sistema-de-gestion-de-la-organizacion/
69240,draft,Cese de actividades e interrupción de términos procesales,2026-03-26 19:30:09,acontreras,1582,https://www.uniremington.edu.co/?p=69240
60160,publish,Cese de actividades e interrupción de términos procesales,2024-11-18 20:22:43,webcreativa,3230,https://www.uniremington.edu.co/cese-de-actividades-e-interrupcion-de-terminos-procesales-2024-2/
62740,publish,Cese de actividades e interrupción de términos procesales,2025-04-08 20:34:27,webcreativa,2699,https://www.uniremington.edu.co/cese-de-actividades-e-interrupcion-de-terminos-procesales-2/
48028,publish,Cese de actividades e interrupción de términos procesales,2022-12-06 12:58:05,masteruni,2973,https://www.uniremington.edu.co/cese-de-actividades-e-interrupcion-de-terminos-procesales/
66795,publish,Cese de actividades e interrupción de términos procesales,2025-11-26 16:30:30,acontreras,1810,https://www.uniremington.edu.co/cese-de-actividades-e-interrupcion-de-terminos-procesales-3/
53666,draft,Cese de actividades e interrupción de términos procesales en periodo de vacaciones,2023-12-01 17:51:00,webcreativa,112,https://www.uniremington.edu.co/?p=53666
55376,publish,Cese de actividades e interrupción de términos procesales en Semana Santa,2024-03-13 14:07:16,webcreativa,1465,https://www.uniremington.edu.co/cese-de-actividades-e-interrupcion-de-terminos-procesales-en-semana-santa/
53667,publish,Cese de actividades e interrupción de términos procesales en vacaciones,2023-12-01 18:06:25,webcreativa,2942,https://www.uniremington.edu.co/cese-de-actividades-e-interrupcion-de-terminos-procesales-en-periodo-de-vacaciones/
30266,draft,Charla virtual La opción del marketing digital en la actualidad,2020-05-26 16:31:40,masteruni,914,https://www.uniremington.edu.co/?p=30266
42738,publish,Charlas sobre salud mental,2022-02-17 22:53:49,masteruni,7493,https://www.uniremington.edu.co/charlas-sobre-salud-mental/
37340,publish,Ciclo nacional de conferencias 2021,2021-02-22 16:26:30,masteruni,5347,https://www.uniremington.edu.co/ciclo-nacional-de-conferencias-2021/
41553,publish,Ciencias contables en feria y olimpiadas,2021-10-22 21:02:57,masteruni,3876,https://www.uniremington.edu.co/ciencias-contables-en-feria-y-olimpiadas/
46199,publish,Cineforo sobre la película “Encanto”,2022-08-26 20:44:46,masteruni,9397,https://www.uniremington.edu.co/cineforo-sobre-la-pelicula-encanto/
25259,publish,Circuito Del Terror Hallowen Uniremington,2019-10-31 16:22:56,webcreativa,573,https://www.uniremington.edu.co/circuito-del-terror-hallowen-uniremington/
20922,publish,Circulo de capacitación empresarial del CAT Armenia,2019-07-09 13:20:54,webcreativa,922,https://www.uniremington.edu.co/circulo-de-capacitacion-empresarial-del-cat-armenia/
21997,publish,Clases de baile tropical y danza urbana,2019-07-24 21:09:39,webcreativa,1694,https://www.uniremington.edu.co/clases-de-baile-tropical-y-danza-urbana/
43408,publish,Clausura Curso “Línea empresarial”,2022-04-04 20:52:52,masteruni,6319,https://www.uniremington.edu.co/clausura-curso-linea-empresarial/
68601,publish,Coloquio sobre la anatomía vascular de la rata se realizó en Uniremington Medellín,2026-02-26 21:03:24,masteruni,6821,https://www.uniremington.edu.co/coloquio-sobre-la-anatomia-vascular-de-la-rata-en-uniremington/
22469,publish,Comenzamos segundo período académico estrenando sede,2019-11-25 20:13:07,webcreativa,344,https://www.uniremington.edu.co/comenzamos-segundo-periodo-academico-estrenando-sede/
50478,publish,Compromiso de estudiantes de medicina veterinaria,2023-08-01 16:46:50,webcreativa,5077,https://www.uniremington.edu.co/compromiso-de-estudiantes-de-medicina-veterinaria/
27747,publish,Comunicado institucional - 27 de Marzo 2020,2020-03-27 23:26:02,webcreativa,106,https://www.uniremington.edu.co/comunicado-institucional-27-de-marzo-2020/
27493,publish,Comunicado Rectoral,2020-03-20 21:28:06,webcreativa,524,https://www.uniremington.edu.co/comunicado-rectoral/
27290,publish,Comunicado Rectoral para afrontar el riesgo del covid-19 (coronavirus).,2020-03-14 00:40:47,webcreativa,1018,https://www.uniremington.edu.co/comunicado-rectoral-para-afrontar-el-riesgo-del-covid-19-coronavirus/
27912,publish,Comunicado rectoral- Receso académico Semana Santa,2020-04-03 20:34:05,masteruni,1633,https://www.uniremington.edu.co/comunicado-rectoral-receso-academico-semana-santa/
27893,publish,Comunicado Suspensión de ceremonias de grado y entrega de títulos profesionales a nivel nacional,2020-04-03 20:15:18,masteruni,1534,https://www.uniremington.edu.co/comunicado-suspension-de-ceremonias-de-grado-y-entrega-de-titulos-profesionales-a-nivel-nacional/
27587,publish,Comunicados de autoridades nacional y locales,2020-03-26 15:13:58,webcreativa,981,https://www.uniremington.edu.co/comunicados-de-autoridades-nacional-y-locales/
27564,publish,Comunicados institucionales Uniremington,2020-03-26 15:18:17,masteruni,4310,https://www.uniremington.edu.co/comunicados-institucionales-uniremington/
37071,publish,"Con Delfín, ¡ser investigador está a tu alcance!",2021-02-08 21:47:55,masteruni,4485,https://www.uniremington.edu.co/con-delfin-ser-investigador-esta-a-tu-alcance/
17664,publish,Concejo municipal de Ibagué exalta la meritoria labor de Uniremington,2019-05-31 16:21:10,webcreativa,1690,https://www.uniremington.edu.co/concejo-municipal-de-ibague-exalta-la-meritoria-labor-de-uniremington/
24995,publish,Concurso nacional de cuento Uniremington “cuéntale a tu país”,2019-10-24 08:00:10,webcreativa,1875,https://www.uniremington.edu.co/concurso-nacional-de-cuento-uniremington-cuentale-a-tu-pais/
47161,draft,Condonación hasta el 100 % en intereses para morosos del Icetex,2022-10-10 19:24:23,masteruni,4629,https://www.uniremington.edu.co/?p=47161
35650,publish,Conductores de vehículos de pasajeros tipo metro,2020-12-14 13:18:30,masteruni,4832,https://www.uniremington.edu.co/conductores-de-vehiculos-de-pasajeros-tipo-metro/
63911,publish,Congreso de residentes enfocado en la atención del adolescente,2025-06-16 14:59:31,rhenao,7290,https://www.uniremington.edu.co/congreso-residentes-enfocado-en-atencion-adolescente/
41900,draft,Congreso Nacional de Medicina,2021-11-22 16:48:41,masteruni,4288,https://www.uniremington.edu.co/?p=41900
41757,draft,Consejeros académicos,2021-11-11 22:25:16,masteruni,3473,https://www.uniremington.edu.co/?p=41757
41391,publish,Consejeros académicos,2021-10-11 20:27:02,masteruni,661,https://www.uniremington.edu.co/consejeros-academicos/
43610,publish,Consejeros académicos de Uniremington Apartadó,2022-04-20 14:15:19,masteruni,1430,https://www.uniremington.edu.co/consejeros-academicos-de-uniremington-apartado/
35000,publish,"Consejo Directivo, Académico y de Facultades Modificación del cronograma de elecciones",2020-11-11 19:28:06,masteruni,4543,https://www.uniremington.edu.co/consejo-directivo-academico-y-de-facultades-de-uniremington-modificacion-del-cronograma-de-elecciones/
27382,publish,Consejos para minimizar el riesgo del covid - 19,2020-03-18 22:36:27,webcreativa,4608,https://www.uniremington.edu.co/consejos-para-minimizar-el-riesgo-del-covid-19/
29930,publish,Consejos saludables - Cuidados en casa para la hipertensión,2020-05-14 16:01:22,webcreativa,7788,https://www.uniremington.edu.co/consejos-saludables-cuidados-en-casa-para-la-hipertension/
39511,publish,Construcción de la paz en Colombia,2021-05-26 19:44:37,masteruni,5319,https://www.uniremington.edu.co/construccion-de-la-paz-en-colombia/
42505,publish,Consultorio Contable a su servicio,2022-02-04 16:04:14,masteruni,5968,https://www.uniremington.edu.co/consultorio-contable-a-su-servicio/
23065,draft,Consultorio contable: una realidad,2019-09-05 21:13:08,webcreativa,1582,https://www.uniremington.edu.co/?p=23065
49522,publish,Consultorio jurídico asesora a personas con discapacidad auditiva,2023-04-25 21:19:43,masteruni,10914,https://www.uniremington.edu.co/consultorio-juridico-asesora-a-personas-con-discapacidad-auditiva/
29751,publish,Consultorio jurídico y Centro de conciliación Remington - Montería,2020-05-10 21:34:00,webcreativa,5288,https://www.uniremington.edu.co/consultorio-juridico-y-centro-de-conciliacion-monteria/
66130,publish,Consultorios jurídicos de Uniremington reciben distinciones,2025-10-20 21:30:28,acontreras,8417,https://www.uniremington.edu.co/consultorios-juridicos-de-uniremington-reciben-distinciones-de-tejiendo-justicia/
49353,publish,Convenio interbibliotecario con la Universidad Externado de Colombia,2023-04-19 15:57:53,masteruni,1875,https://www.uniremington.edu.co/convenio-interbibliotecario-uniremington-bogota-universidad-externado-de-colombia-2/
49335,draft,Convenio interbibliotecario Uniremington Bogotá - Universidad Externado de Colombia,2023-04-19 15:46:20,masteruni,2530,https://www.uniremington.edu.co/?p=49335
67222,publish,Convenio para fortalecer el Observatorio de Seres Sintientes en Medellín,2025-12-19 13:21:45,acontreras,5733,https://www.uniremington.edu.co/convenio-para-fortalecer-el-observatorio-de-seres-sintientes-en-medellin/
34990,publish,Convenio Plataforma en línea de libros digitales del FER,2020-11-11 15:59:20,masteruni,1810,https://www.uniremington.edu.co/convenio-plataforma-en-linea-de-libros-digitales-del-fer/
38204,publish,Convenio Uniremington - Cívica Metro de Medellín,2021-03-18 22:58:59,masteruni,2359,https://www.uniremington.edu.co/convenio-uniremington-civica-metro-de-medellin/
30221,publish,Conversatorio audiovisual Inclusión de las personas con discapacidad,2020-05-22 20:22:30,masteruni,3399,https://www.uniremington.edu.co/conversatorio-audiovisual-inclusion-de-las-personas-con-discapacidad/
64906,publish,Conversatorio sobre economía y responsabilidad social,2025-09-10 18:27:58,acontreras,4196,https://www.uniremington.edu.co/conversatorio-sobre-economia-y-responsabilidad-social/
21935,publish,Convocatoria - Conductores de vehículos de pasajeros tipo Metro,2019-07-24 13:30:24,webcreativa,2536,https://www.uniremington.edu.co/convocatoria-conductores-de-vehiculos-de-pasajeros-tipo-metro/
35374,draft,Convocatoria - Elección de monitor académico,2020-11-26 13:44:01,masteruni,0,https://www.uniremington.edu.co/?p=35374
41056,publish,Convocatoria a órganos colegiados Uniremington,2021-09-22 19:34:19,masteruni,4092,https://www.uniremington.edu.co/convocatoria-a-organos-colegiados-uniremington/
45086,publish,Convocatoria abierta de artículos para la RHS,2022-06-16 13:39:15,masteruni,6663,https://www.uniremington.edu.co/convocatoria-abierta-de-articulos-para-la-rhs/
37746,publish,Convocatoria abierta para movilidad virtual internacional,2021-03-11 21:53:55,masteruni,3594,https://www.uniremington.edu.co/convocatoria-abierta-para-movilidad-virtual-internacional/
25893,publish,Convocatoria conductores de Metro 2020 - 01,2020-01-22 14:51:28,masteruni,2694,https://www.uniremington.edu.co/convocatoria-conductores-de-metro-2020-01/
43276,publish,Convocatoria de prácticas - Alcaldía de Medellín,2022-03-30 20:41:03,masteruni,6234,https://www.uniremington.edu.co/convocatoria-de-practicas-alcaldia-de-medellin/
43292,publish,Convocatoria de prácticas - Gobernación de Antioquia,2022-03-30 22:19:04,masteruni,9320,https://www.uniremington.edu.co/convocatoria-de-practicas-gobernacion-de-antioquia/
46737,publish,Convocatoria de prácticas 2023-1 - Alcaldía de Medellín,2022-09-21 14:47:38,masteruni,6913,https://www.uniremington.edu.co/convocatoria-de-practicas-2023-1-alcaldia-de-medellin/
46917,publish,Convocatoria de prácticas 2023-1 / Gobernación de Antioquia,2022-10-04 12:30:52,masteruni,5148,https://www.uniremington.edu.co/convocatoria-de-practicas-2023-1-gobernacion-de-antioquia/
25005,publish,Convocatoria ilustrador de cuento Fondo Editorial Remington,2019-10-24 08:30:12,webcreativa,3066,https://www.uniremington.edu.co/convocatoria-ilustrador-de-cuento-fondo-editorial-remington/
33613,publish,Convocatoria interna Uniremington,2020-09-18 15:50:59,masteruni,6966,https://www.uniremington.edu.co/convocatoria-interna-uniremington-representantes-ante-los-consejos-directivo-academico-y-de-facultades/
38396,publish,Convocatoria para prácticas en la Alcaldía de Medellín,2021-04-05 22:43:14,masteruni,5252,https://www.uniremington.edu.co/convocatoria-para-practicas-en-la-alcaldia-de-medellin/
26766,publish,Convocatoria Postule su artículo para el nuevo número de la RHS,2020-02-24 21:08:48,webcreativa,2739,https://www.uniremington.edu.co/convocatoria-postule-su-articulo-para-el-nuevo-numero-de-la-rhs/
67157,publish,Corantioquia otorga “Sello de Sostenibilidad” a Uniremington y a su Clínica Veterinaria,2025-12-17 14:58:20,acontreras,5009,https://www.uniremington.edu.co/corantioquia-otorga-sello-de-sostenibilidad-a-uniremington-y-a-su-clinica-veterinaria/
43752,publish,Crianza amorosa de niños y adolescentes,2022-04-28 14:46:40,masteruni,4758,https://www.uniremington.edu.co/crianza-amorosa-de-ninos-y-adolescentes/
30167,publish,Crédito Automático de Confianza,2020-05-28 11:22:36,webcreativa,3196,https://www.uniremington.edu.co/credito-automatico-de-confianza/
21422,publish,Crédito educativo con SUFI,2019-07-12 22:17:41,webcreativa,320,https://www.uniremington.edu.co/haz-tu-pregrado-y-financialo-tranquilo-con-sufi/
47816,publish,Créditos del Icetex con tasa de interés del 0 %,2022-11-17 19:34:49,masteruni,4740,https://www.uniremington.edu.co/creditos-del-icetex-con-tasa-de-interes-del-0/
43604,publish,Créditos ICETEX para 2022-2,2022-04-19 22:38:32,masteruni,5415,https://www.uniremington.edu.co/creditos-icetex-para-2022-2/
57245,publish,Crónica de tres clases espejo del curso de Fotografía,2024-07-03 15:23:47,webcreativa,6475,https://www.uniremington.edu.co/cronica-de-tres-clases-espejo-del-curso-de-fotografia/
43930,draft,Cumplimiento de condiciones de calidad institucionales,2022-05-06 19:13:06,masteruni,3592,https://www.uniremington.edu.co/?p=43930
41457,publish,Cupos para formación en Comercio electrónico,2021-10-14 22:27:24,masteruni,6164,https://www.uniremington.edu.co/cupos-para-formacion-en-comercio-electronico/
47174,publish,Curso sobre el abordaje adecuado del neonato equino,2022-10-10 20:48:12,masteruni,6252,https://www.uniremington.edu.co/curso-sobre-el-abordaje-adecuado-del-neonato-equino/
46220,publish,Curso sobre técnicas de ilustración de personajes,2022-08-29 14:43:22,masteruni,7841,https://www.uniremington.edu.co/curso-sobre-tecnicas-de-ilustracion-de-personajes/
44366,draft,Curso: Contabilidad Sistematizada,2022-05-27 16:30:57,masteruni,481,https://www.uniremington.edu.co/?p=44366
25114,publish,Cursos gratuitos en el programa “Conecta Empleo”,2019-10-24 13:56:28,webcreativa,2435,https://www.uniremington.edu.co/cursos-gratuitos-en-el-programa-conecta-empleo/
32134,publish,Cursos para emprender negocios y definir estrategias empresariales,2020-08-10 14:44:36,masteruni,2804,https://www.uniremington.edu.co/cursos-para-emprender-negocios-y-definir-estrategias-empresariales/
53674,publish,Cátedra sobre interculturalidad y ciudadanía global,2023-12-01 19:41:08,webcreativa,2948,https://www.uniremington.edu.co/catedra-sobre-interculturalidad-y-ciudadania-global/
28860,publish,Cátedra virtual abierta Ética profesional,2020-05-08 13:59:22,masteruni,2479,https://www.uniremington.edu.co/catedra-virtual-abierta-etica-profesional/
26609,draft,Declaración De Renta De Persona Jurídica,2020-02-20 13:17:42,masteruni,48,https://www.uniremington.edu.co/?p=26609
48426,publish,Delfín convoca a Verano de investigación científica,2023-02-10 18:32:08,masteruni,5285,https://www.uniremington.edu.co/delfin-convoca-a-verano-de-investigacion-cientifica/
20699,publish,Delitos sexuales contra la mujer rionegrera entre el período 2010-2019,2019-07-08 14:48:23,webcreativa,6629,https://www.uniremington.edu.co/delitos-sexuales-contra-la-mujer-rionegrera-entre-el-periodo-2010-2019/
38539,publish,Derechos humanos en tiempos de la Covid-19,2021-04-15 21:58:27,masteruni,3814,https://www.uniremington.edu.co/derechos-humanos-en-tiempos-de-la-covid-19/
65617,publish,Desafíos de la educación superior en Colombia,2025-10-03 14:16:44,acontreras,8887,https://www.uniremington.edu.co/desafios-de-la-educacion-superior-en-colombia/
41065,publish,Desarrollo de habilidades tecnológicas para el adulto mayor,2021-09-22 19:52:58,masteruni,680,https://www.uniremington.edu.co/desarrollo-de-habilidades-tecnologicas-para-el-adulto-mayor/
54648,publish,Desarrollo de la lógica de programación,2024-01-25 21:05:41,webcreativa,4143,https://www.uniremington.edu.co/desarrollo-de-la-logica-de-programacion/
43192,publish,Descuento especial para víctimas,2022-03-22 21:37:36,masteruni,2510,https://www.uniremington.edu.co/descuento-especial-para-victimas/
45169,publish,Descuentos de ELA para Uniremington Caucasia,2022-06-21 15:57:25,masteruni,5419,https://www.uniremington.edu.co/descuentos-de-ela-para-uniremington-caucasia/
59801,publish,Diagnóstico alimentario en la comuna 13 de Medellín,2024-11-05 20:04:39,webcreativa,5016,https://www.uniremington.edu.co/alimentario-comuna13/
46830,draft,Diagnóstico imagenológico en pacientes oncológicos caninos y felinos,2022-09-26 19:49:33,masteruni,6101,https://www.uniremington.edu.co/?p=46830
46707,publish,Diagnóstico imagenológico en pacientes oncológicos caninos y felinos,2022-09-19 21:00:23,masteruni,6418,https://www.uniremington.edu.co/diagnostico-imagenologico-en-pacientes-oncologicos-caninos-y-felinos/
20949,publish,Diplomado en creación y administración de iniciativas empresariales,2019-07-09 14:14:44,webcreativa,979,https://www.uniremington.edu.co/diplomado-en-creacion-y-administracion-de-iniciativas-empresariales-basicas-en-el-area-de-alimentos/
32318,draft,Diplomado Gratuito En Liderazgo y Gestión de Iniciativas Empresariales,2020-08-12 20:17:17,webcreativa,565,https://www.uniremington.edu.co/?p=32318
32365,publish,Diplomado gratuito en Liderazgo y Gestión de Iniciativas Empresariales,2020-08-14 15:07:10,webcreativa,1932,https://www.uniremington.edu.co/diplomado-gratuito-en-liderazgo-y-gestion-de-iniciativas-empresariales/
26865,publish,Director(a) Del Hospital San Juan de Dios de Santa Rosa de Osos,2024-02-08 15:25:48,masteruni,6680,https://www.uniremington.edu.co/convocatoria-para-el-cargo-de-director-de-hospital-del-departamento-de-antioquia-santa-rosa-de-osos/
46787,publish,Disponible el reciente número de la RHS,2022-09-22 17:59:53,masteruni,6408,https://www.uniremington.edu.co/disponible-el-reciente-numero-de-la-rhs/
26155,publish,Disponible nueva edición digital de la <i>RHS-Revista Humanismo y Sociedad</i>,2020-01-28 15:53:42,masteruni,4732,https://www.uniremington.edu.co/disponible-nueva-edicion-digital-de-la-rhs-revista-humanismo-y-sociedad/
31827,publish,Disponible nuevo número de la RHS-Revista Humanismo y Sociedad,2020-07-22 17:09:57,masteruni,762,https://www.uniremington.edu.co/disponible-nuevo-numero-de-la-rhs-revista-humanismo-y-sociedad/
35918,publish,Disponible nuevo número de la RHS-Revista Humanismo y Sociedad,2021-01-06 21:31:13,masteruni,6630,https://www.uniremington.edu.co/disponible-nuevo-numero-de-la-rhs-revista-humanismo-y-sociedad-2/
42088,publish,Disposiciones rectorales en periodo de vacaciones,2021-12-16 16:35:03,masteruni,2784,https://www.uniremington.edu.co/disposiciones-rectorales-en-periodo-de-vacaciones/
46526,draft,Divergente - Segundo Simposio de Diseño,2022-09-14 14:45:39,masteruni,6023,https://www.uniremington.edu.co/?p=46526
46356,publish,Divergente - Segundo Simposio de Diseño,2022-09-06 15:38:30,masteruni,6412,https://www.uniremington.edu.co/divergente-segundo-simposio-de-diseno/
42687,publish,Diversidad e inclusión,2022-02-14 22:41:31,masteruni,4738,https://www.uniremington.edu.co/diversidad-e-inclusion/
47666,publish,Docente y estudiante de Uniremington Galardonados con el premio “Manuel Uribe Ángel” 2022,2022-11-08 13:08:07,masteruni,5266,https://www.uniremington.edu.co/docente-y-estudiante-de-uniremington-galardonados-con-el-premio-manuel-uribe-angel-2022/
34302,draft,Dona tu cabello por una buena causa,2020-10-19 21:39:29,masteruni,3261,https://www.uniremington.edu.co/?p=34302
23359,publish,Dos estudiantes Uniremington trabajarán para Consensus Colombia,2019-09-20 12:57:56,webcreativa,3707,https://www.uniremington.edu.co/software-sap-bussines-one-manizales/
48364,publish,Dos novedades editoriales investigativas del FER,2023-02-03 20:01:33,masteruni,7122,https://www.uniremington.edu.co/dos-novedades-editoriales-investigativas-del-fer/
37963,publish,Duoc UC de Chile oferta intercambio académico,2021-03-12 13:25:24,masteruni,3432,https://www.uniremington.edu.co/duoc-uc-de-chile-oferta-intercambio-academico/
51434,draft,Día del diseño Uniremington,2023-08-28 16:14:26,masteruni,1284,https://www.uniremington.edu.co/?p=51434
22796,publish,Día del ingeniero: Ciberseguridad para ser desconfiados,2019-08-23 14:37:07,webcreativa,3426,https://www.uniremington.edu.co/dia-del-ingeniero-ciberseguridad-para-ser-desconfiados-uniremington-manizales/
20933,publish,Día del servidor público,2019-07-09 13:41:33,webcreativa,634,https://www.uniremington.edu.co/dia-del-servidor-publico/
50420,publish,Ecología humana y a la calidad de vida,2023-07-28 13:48:46,webcreativa,4563,https://www.uniremington.edu.co/ecologia-humana-y-a-la-calidad-de-vida/
67573,publish,Editorial internacional publica investigación sobre bacterias en loros y guacamayas en Colombia,2026-01-22 22:01:38,acontreras,6971,https://www.uniremington.edu.co/editorial-internacional-publica-investigacion-sobre-bacterias-en-loros-y-guacamayas-en-colombia/
28608,publish,Educación financiera en tiempos de crisis,2020-04-28 16:46:34,webcreativa,1987,https://www.uniremington.edu.co/educacion-financiera-en-tiempos-de-crisis/
55316,publish,Educación para la salud con las comunidades,2024-03-11 19:56:20,webcreativa,3221,https://www.uniremington.edu.co/educacion-para-la-salud-con-las-comunidades/
49838,publish,Educación superior y competencias transversales,2023-06-01 15:27:49,masteruni,4561,https://www.uniremington.edu.co/educacion-superior-y-competencias-transversales/
44009,publish,"Educación, las TIC y la ingeniería",2022-05-11 15:46:09,masteruni,3171,https://www.uniremington.edu.co/educacion-las-tic-y-la-ingenieria/
22206,publish,Egresado(a) Uniremington: ¡actualiza tus datos y gana!,2019-07-29 15:07:06,webcreativa,1214,https://www.uniremington.edu.co/actualiza-tus-datos-y-gana/
43894,publish,Egresados curso practico mantenimiento de computadores,2022-05-05 22:42:24,masteruni,1033,https://www.uniremington.edu.co/egresados-curso-practico-mantenimiento-de-computadores/
17601,draft,Egresados Uniremington: nuestra razón de ser,2019-05-30 16:39:27,webcreativa,1399,https://www.uniremington.edu.co/?p=17601
47217,publish,El cannabis medicinal y su efecto terapéutico,2022-10-12 19:33:02,masteruni,5319,https://www.uniremington.edu.co/el-cannabis-medicinal-y-su-efecto-terapeutico/
17765,publish,El emprendimiento desde la responsabilidad social,2019-05-31 21:57:26,webcreativa,2511,https://www.uniremington.edu.co/el-emprendimiento-desde-la-responsabilidad-social/
44322,publish,El FER en Feria del Libro de Madrid,2022-05-23 20:54:22,masteruni,4128,https://www.uniremington.edu.co/el-fer-en-feria-del-libro-de-madrid/
46067,publish,El FER en Feria del Libro de Manizales,2022-08-16 12:39:58,masteruni,2496,https://www.uniremington.edu.co/el-fer-en-feria-del-libro-de-manizales/
43485,publish,El FER en FILBo 2022,2022-04-06 17:03:11,masteruni,5310,https://www.uniremington.edu.co/el-fer-en-filbo-2022/
46228,publish,El FER en la Fiesta del Libro de Medellín,2022-08-29 18:11:53,masteruni,6270,https://www.uniremington.edu.co/el-fer-en-la-fiesta-del-libro-de-medellin/
40827,publish,El FER lanza publicaciones en Fiesta del Libro de Medellín,2021-09-02 20:36:26,masteruni,10406,https://www.uniremington.edu.co/el-fer-lanza-publicaciones-en-fiesta-del-libro-de-medellin/
40203,publish,El FER participa en el primer evento multiformato de Aseúc,2021-07-28 14:50:14,masteruni,6454,https://www.uniremington.edu.co/el-fer-participa-en-el-primer-evento-multiformato-de-aseuc/
39571,publish,El FER y La Ciudad de los Libros,2021-05-31 19:23:52,masteruni,2737,https://www.uniremington.edu.co/el-fer-y-la-ciudad-de-los-libros/
69111,publish,El nuevo contador público frente a los retos de la transformación digital,2026-03-19 14:05:54,masteruni,7278,https://www.uniremington.edu.co/el-nuevo-contador-publico-frente-a-los-retos-de-la-transformacion-digital/
39936,publish,El sector de la construcción y planeación tributaria,2021-06-28 15:01:30,masteruni,3621,https://www.uniremington.edu.co/el-sector-de-la-construccion-y-planeacion-tributaria/
17779,private,"El Semillero de investigación, un espacio para todos",2019-05-31 22:21:14,webcreativa,2798,https://www.uniremington.edu.co/el-semillero-de-investigacion/
12471,publish,El silencio de los cómplices,2019-01-23 18:09:11,webcreativa,9722,https://www.uniremington.edu.co/el-silencio-de-los-complices/
46895,publish,Elección de órganos colegiados Uniremington,2022-09-30 15:57:01,masteruni,964,https://www.uniremington.edu.co/eleccion-de-organos-colegiados-uniremington/
47771,publish,Elegidos los representantes ante los Órganos colegiados de Uniremington,2022-11-15 07:38:30,masteruni,12075,https://www.uniremington.edu.co/elegidos-los-representantes-ante-los-organos-colegiados-de-uniremington/
62624,draft,"Emprendimiento, innovación y tecnología",2025-03-10 20:06:46,webcreativa,4559,https://www.uniremington.edu.co/?p=62624
41850,publish,Empresarios y emprendedores de éxito,2021-11-19 14:38:21,masteruni,5735,https://www.uniremington.edu.co/empresarios-y-emprendedores-de-exito/
47790,draft,"En 2023, IV Congreso Internacional de Ciencias Empresariales",2022-11-15 20:50:53,masteruni,5307,https://www.uniremington.edu.co/?p=47790
49515,publish,En Boyacá inició “Vive tu sede”,2023-04-25 20:15:21,masteruni,7069,https://www.uniremington.edu.co/en-boyaca-inicio-vive-tu-sede/
29759,publish,En Girardota (Antioquia) Gran jornada de cirugías de control natal para perros y gatos,2020-05-11 15:31:58,masteruni,1361,https://www.uniremington.edu.co/en-girardota-antioquia-gran-jornada-de-cirugias-de-control-natal-para-perros-y-gatos/
49167,publish,En la Filbo 2023 participa el Fondo Editorial Remington,2023-04-10 18:52:31,masteruni,6248,https://www.uniremington.edu.co/en-la-filbo-2023-participa-el-fondo-editorial-remington/
20669,publish,"En portal web, nuevo número de la RHS - Revista Humanismo y Sociedad",2019-07-08 13:43:51,webcreativa,8048,https://www.uniremington.edu.co/en-portal-web-nuevo-numero-de-la-rhs-revista-humanismo-y-sociedad/
32663,publish,"En RHS, ¡explota tus ideas!",2020-08-26 14:25:26,masteruni,3047,https://www.uniremington.edu.co/en-rhs-explota-tus-ideas/
69855,publish,"En un compromiso con la transparencia, Uniremington presentó su rendición de cuentas 2025",2026-05-08 16:42:02,acontreras,7394,https://www.uniremington.edu.co/uniremington-presento-su-rendicion-de-cuentas-2025/
17608,draft,En Uniremington Bogotá: Ceremonia de grados,2019-05-30 16:47:33,webcreativa,1480,https://www.uniremington.edu.co/?p=17608
66573,publish,En Uniremington se desarrolló el Encuentro Nacional de Proyección Social Acofade 2025,2025-11-13 14:30:16,acontreras,6675,https://www.uniremington.edu.co/en-uniremington-se-desarrollo-el-encuentro-nacional-de-proyeccion-social-acofade-2025/
49949,publish,Encuentro de semilleros de investigación de medicina veterinaria,2023-06-05 22:32:46,masteruni,6916,https://www.uniremington.edu.co/encuentro-de-semilleros-de-investigacion-de-medicina-veterinaria/
25514,publish,Encuentro deportivo. Egresados Vs  Estudiantes Activos de Uniremington CAT Sahagún,2019-11-25 20:46:40,webcreativa,395,https://www.uniremington.edu.co/encuentro-deportivo-egresados-vs-estudiantes-activos-de-uniremington-cat-sahagun/
46703,publish,Encuentro Nacional de Docentes de Ciencias Empresariales,2022-09-19 20:21:31,masteruni,5809,https://www.uniremington.edu.co/encuentro-nacional-de-docentes-de-ciencias-empresariales/
22589,publish,Encuentro Nacional de Semilleros de Investigación Uniremington,2019-08-20 15:38:11,webcreativa,848,https://www.uniremington.edu.co/encuentro-nacional-de-semilleros-de-investigacion-uniremington/
25740,publish,Encuentro Nodo Antioquia,2019-12-16 19:30:47,webcreativa,2246,https://www.uniremington.edu.co/encuentro-nodo-antioquia/
55201,publish,Encuentros académicos de Uniremington en marcha,2024-03-04 16:09:53,webcreativa,6356,https://www.uniremington.edu.co/encuentros-academicos-de-uniremington-en-marcha/
38718,draft,Encuesta elaborada por Maestro,2021-04-27 21:58:15,masteruni,933,https://www.uniremington.edu.co/?p=38718
34953,publish,Encuesta “Momento Cero”,2020-11-11 14:05:36,masteruni,2265,https://www.uniremington.edu.co/encuesta-momento-cero/
40895,publish,Enfrentando los desafíos empresariales,2021-09-06 21:14:50,masteruni,2858,https://www.uniremington.edu.co/enfrentando-los-desafios-empresariales/
38923,publish,Espacio para la apropiación social del conocimiento,2021-05-24 14:18:45,masteruni,3310,https://www.uniremington.edu.co/espacio-para-la-apropiacion-social-del-conocimiento/
47798,publish,Estado Joven oferta prácticas profesionales,2022-11-16 16:30:52,masteruni,4592,https://www.uniremington.edu.co/estado-joven-oferta-practicas-profesionales/
68260,publish,Estrategias para proteger las fuentes hídricas del corregimiento de Santa Elena,2026-02-12 21:21:21,masteruni,7155,https://www.uniremington.edu.co/estrategias-para-proteger-las-fuentes-hidricas-del-corregimiento-de-santa-elena/
53654,publish,Estudiante de Diseño Gráfico brilla en concurso de empaques,2023-11-30 19:44:38,webcreativa,4649,https://www.uniremington.edu.co/estudiante-de-diseno-grafico-brilla-en-concurso-de-empaques/
52440,publish,Estudiante de Diseño triunfa en concurso de “Huellas Comunales”,2023-10-12 14:34:13,webcreativa,4489,https://www.uniremington.edu.co/estudiante-de-diseno-triunfa-en-concurso-de-huellas-comunales/
48945,publish,Estudiante de Diseño y madre emprendedora,2023-09-04 22:03:34,masteruni,2385,https://www.uniremington.edu.co/estudiante-de-diseno-y-madre-emprendedora/
66783,publish,Estudiante de Uniremington gana Premio Medellín Investiga 2025,2025-11-25 20:50:34,acontreras,7180,https://www.uniremington.edu.co/estudiante-de-uniremington-gana-premio-medellin-investiga-2025/
68595,publish,Estudiantes de Derecho inician reto en el Consultorio jurídico Uniremington Medellín,2026-02-26 20:27:20,acontreras,14102,https://www.uniremington.edu.co/estudiantes-de-derecho-inician-su-reto-en-el-consultorio-juridico-de-uniremington-medellin/
51437,publish,Estudiantes de la Facultad de Diseño y el proyecto Metamorfosis,2023-09-04 22:12:58,masteruni,1083,https://www.uniremington.edu.co/estudiantes-de-la-facultad-de-diseno-y-el-proyecto-metamorfosis/
51080,publish,Estudiantes de medicina empiezan nueva etapa,2023-08-15 20:08:08,webcreativa,3583,https://www.uniremington.edu.co/estudiantes-de-medicina-empiezan-nueva-etapa/
70142,publish,Estudiantes de medicina reciben la investidura de Batas Blancas,2026-05-26 22:20:44,acontreras,7003,https://www.uniremington.edu.co/estudiantes-de-medicina-reciben-la-investidura-de-batas-blancas/
48924,publish,Estudiantes de Nutrición y Dietética de Uniremington reafirman su compromiso,2023-03-21 12:41:54,masteruni,5465,https://www.uniremington.edu.co/estudiantes-de-nutricion-y-dietetica-de-uniremington-reafirman-su-compromiso/
62637,publish,Estudiantes de Nutrición y Dietética reafirman su compromiso,2025-03-11 15:37:14,webcreativa,4561,https://www.uniremington.edu.co/estudiantes-de-nutricion-y-dietetica-reafirman-su-compromiso/
58406,publish,Estudiantes investigadores,2024-09-18 18:38:15,webcreativa,5613,https://www.uniremington.edu.co/estudiantes-investigadores/
31963,publish,Estudio de impacto de sustancia química contra la covid-19,2020-07-23 22:12:12,webcreativa,1557,https://www.uniremington.edu.co/estudio-de-impacto-de-sustancia-quimica-contra-la-covid-19/
23286,publish,Evaluación de proyectos de investigación para Encuentro de semilleros 2019,2019-09-19 13:24:02,webcreativa,2142,https://www.uniremington.edu.co/evaluacion-de-proyectos-de-investigacion-para-encuentro-de-semilleros-2019/
57340,publish,"Evento de arte, cultura y libros",2024-07-09 21:41:05,webcreativa,3383,https://www.uniremington.edu.co/evento-de-arte-cultura-y-libros/
46333,publish,"Evento donde confluyen el arte, la cultura y los libros",2022-09-05 14:22:22,masteruni,18094,https://www.uniremington.edu.co/evento-donde-confluyen-el-arte-la-cultura-y-los-libros/
32948,publish,Evento iberoamericano del libro,2020-09-04 20:12:27,webcreativa,3622,https://www.uniremington.edu.co/evento-iberoamericano-del-libro/
46776,publish,Evento internacional sobre entornos alimentarios,2022-09-22 14:23:56,masteruni,18077,https://www.uniremington.edu.co/evento-internacional-sobre-entornos-alimentarios/
47312,publish,Evento jurídico internacional de juventud,2022-10-18 13:59:15,masteruni,6551,https://www.uniremington.edu.co/evento-juridico-internacional-de-juventud/
46969,publish,Evento Meeting Point en Uniremington Rionegro,2022-10-04 18:04:20,masteruni,28725,https://www.uniremington.edu.co/evento-meeting-point-en-uniremington-rionegro/
46061,publish,Evento sobre intraemprendimiento y emprendimiento,2022-08-12 18:25:33,masteruni,8598,https://www.uniremington.edu.co/evento-sobre-intraemprendimiento-y-emprendimiento/
45916,publish,Excel financiero para la toma de decisiones,2022-08-09 18:55:32,masteruni,6738,https://www.uniremington.edu.co/excel-financiero-para-la-toma-de-decisiones/
46720,publish,Excel intermedio,2022-09-20 19:55:09,masteruni,6881,https://www.uniremington.edu.co/excel-intermedio/
41576,publish,Excel y el buen manejo de bases de datos,2021-10-25 14:16:52,masteruni,7650,https://www.uniremington.edu.co/excel-y-el-buen-manejo-de-bases-de-datos/
65792,publish,Exitosa acogida de la Semana de la Salud Uniremington,2025-10-14 19:28:56,acontreras,6509,https://www.uniremington.edu.co/exitosa-acogida-de-la-semana-de-la-salud-uniremington/
65758,publish,Exitoso balance del Fondo Editorial Remington en Fiesta del Libro de Medellín,2025-10-14 12:25:32,acontreras,6348,https://www.uniremington.edu.co/exitoso-balance-del-fondo-editorial-remington-en-fiesta-del-libro-de-medellin/
48343,publish,Exitoso campamento empresarial en Uniremington Medellín,2023-02-02 13:00:09,masteruni,6916,https://www.uniremington.edu.co/exitoso-campamento-empresarial-en-uniremington-medellin/
41997,draft,Experiencias exitosas en Nursing Now,2021-12-03 16:23:45,masteruni,5336,https://www.uniremington.edu.co/?p=41997
43862,publish,Exposición de mejores trabajos de grado,2022-05-04 15:24:48,masteruni,23300,https://www.uniremington.edu.co/exposicion-de-mejores-trabajos-de-grado/
40394,publish,Factorización y cursos de Cálculo,2021-08-06 20:35:09,masteruni,3691,https://www.uniremington.edu.co/factorizacion-y-cursos-de-calculo/
48041,publish,Fallo de tutela acumulada,2022-12-06 16:22:03,masteruni,2800,https://www.uniremington.edu.co/fallo-de-tutela-acumulada/
21333,draft,Fecha de ingreso estudiantes nuevos Sede -Medellín,2019-07-11 21:22:40,webcreativa,1191,https://www.uniremington.edu.co/?p=21333
45505,publish,FER abre convocatoria para recepción de escritos,2022-07-15 19:09:12,masteruni,4764,https://www.uniremington.edu.co/fer-abre-convocatoria-para-recepcion-de-escritos/
64551,publish,FER participa en Fiesta del Libro en Medellín,2025-09-01 15:28:36,acontreras,6153,https://www.uniremington.edu.co/fer-participa-en-fiesta-del-libro-en-medellin/
30520,publish,FER publicará y divulgará obras derivadas de actividades académicas en investigación,2020-06-04 14:53:29,masteruni,817,https://www.uniremington.edu.co/fer-publicara-y-divulgara-obras-derivadas-de-actividades-academicas-en-investigacion-creacion-o-innovacion/
47299,publish,Feria de emprendimiento en Uniremington,2022-10-14 16:17:48,masteruni,5335,https://www.uniremington.edu.co/feria-de-emprendimiento-en-uniremington/
48957,publish,"Feria de mentes inquietas, emprendedoras e innovadoras",2023-03-22 13:52:44,masteruni,2898,https://www.uniremington.edu.co/feria-de-mentes-inquietas-emprendedoras-e-innovadoras/
25391,publish,Feria de ofertas Universitarias en el Choco,2019-11-12 16:25:48,webcreativa,1708,https://www.uniremington.edu.co/feria-de-ofertas-universitarias-en-el-choco/
41546,publish,Feria Educativa 2021 - Uniremington Sincelejo,2021-10-21 22:52:19,masteruni,4187,https://www.uniremington.edu.co/feria-educativa-2021-uniremington-sincelejo/
25362,publish,Festival de arte y cultura Uniremington,2019-11-08 21:08:38,webcreativa,2620,https://www.uniremington.edu.co/festival-de-arte-y-cultura-uniremington/
45160,publish,Financiación condonable para víctimas del conflicto,2022-06-21 14:00:41,masteruni,5778,https://www.uniremington.edu.co/financiacion-condonable-para-victimas-del-conflicto/
38219,publish,Fondo Editorial Remington - FER Novedad literaria del mes de marzo de 2021,2021-03-19 21:08:38,masteruni,3682,https://www.uniremington.edu.co/fondo-editorial-remington-fer-novedad-literaria-del-mes-de-marzo-de-2021/
35024,draft,Fondo Editorial Remington - FER Novedades editoriales,2020-11-11 21:34:36,masteruni,4584,https://www.uniremington.edu.co/?p=35024
32235,publish,Fondo Editorial Remington ingresa a la plataforma Libros REDIB,2020-08-11 13:08:38,webcreativa,3138,https://www.uniremington.edu.co/fondo-editorial-remington-ingresa-a-la-plataforma-libros-redib/
46343,publish,Fondo Editorial Remington: 10 años de evolución,2022-09-05 14:49:56,masteruni,3969,https://www.uniremington.edu.co/fondo-editorial-remington-10-anos-de-evolucion/
30138,publish,Fondo Sapiencia para egresados,2020-05-18 16:21:06,masteruni,3310,https://www.uniremington.edu.co/fondos-sapiencia-para-egresados/
25163,private,Formación online: cuando la enseñanza no tiene límite,2019-10-24 19:34:48,webcreativa,12295,https://www.uniremington.edu.co/formacion-online-cuando-la-ensenanza-no-tiene-limite-2/
25147,private,Formación online: cuando la enseñanza no tiene límite,2019-10-25 13:01:08,webcreativa,12567,https://www.uniremington.edu.co/formacion-online-cuando-la-ensenanza-no-tiene-limite/
62685,publish,Foro dinámico sobre la transformación educativa,2025-03-19 19:22:28,webcreativa,8243,https://www.uniremington.edu.co/foro-sobre-la-transformacion-educativa/
23407,publish,"Foro Estudiantil ""Acuerdo de Paz""",2019-09-24 14:53:14,webcreativa,2274,https://www.uniremington.edu.co/foro-estudiantil-acuerdo-de-paz/
59450,publish,Foro sobre educación y competitividad,2024-10-16 14:00:27,webcreativa,5889,https://www.uniremington.edu.co/foro-educacion-y-competitividad/
59898,publish,Fortaleciendo aptitudes de estudiantes de colegios de Medellín,2024-11-08 12:17:02,webcreativa,5645,https://www.uniremington.edu.co/fortaleciendo-aptitudes-de-estudiantes-de-colegios-de-medellin/
43951,publish,Fortalecimiento de habilidades y competencias,2022-05-06 22:14:24,masteruni,7519,https://www.uniremington.edu.co/fortalecimiento-de-habilidades-y-competencias/
54978,publish,Fortalecimiento de las metodologías de enseñanza,2024-02-21 15:31:21,webcreativa,4849,https://www.uniremington.edu.co/fortalecimiento-de-las-metodologias-de-ensenanza/
46196,publish,Fotografía para redes sociales con dispositivos móviles,2022-08-26 19:29:52,masteruni,6162,https://www.uniremington.edu.co/fotografia-para-redes-sociales-con-dispositivos-moviles/
69264,publish,Futuros profesionales de la nutrición y dietética reafirmaron su compromiso ético y social,2026-03-27 16:54:29,acontreras,5747,https://www.uniremington.edu.co/futuros-profesionales-de-la-nutricion-y-dietetica-reafirmaron-su-compromiso-etico-y-social/
50324,publish,Futuros profesionales universitarios inician su proceso,2023-07-18 16:25:00,masteruni,7827,https://www.uniremington.edu.co/futuros-profesionales-universitarios-inician-su-proceso/
43334,draft,Galardón de la Mujer Vallecaucana 2022,2022-03-31 23:03:38,webcreativa,1385,https://www.uniremington.edu.co/?p=43334
32311,publish,Gerencia de las relaciones en el servicio y atención al ciudadano.,2020-08-12 14:10:39,webcreativa,1875,https://www.uniremington.edu.co/gerencia-de-las-relaciones-en-el-servicio-y-atencion-al-ciudadano/
23507,publish,Gerencia Estratégica,2019-09-25 21:50:53,webcreativa,4760,https://www.uniremington.edu.co/estudiantes-de-la-asignatura-gerencia-estrategica/
40022,publish,Gestión de proyectos en la educación superior,2021-07-15 16:47:17,masteruni,3880,https://www.uniremington.edu.co/gestion-de-proyectos-en-la-educacion-superior/
39986,draft,Gestión institucional de Uniremington en 2020,2021-07-01 21:35:19,masteruni,724,https://www.uniremington.edu.co/?p=39986
38378,publish,Gobernación de Antioquia convoca practicantes,2021-03-26 22:07:31,masteruni,4765,https://www.uniremington.edu.co/gobernacion-de-antioquia-convoca-practicantes/
17567,private,Grados Sede Ibagué,2019-05-30 15:20:24,webcreativa,1421,https://www.uniremington.edu.co/grados-sede-ibague/
47482,draft,Gran acogida a las jornadas de salud física y mental en Uniremington,2022-10-24 15:19:37,masteruni,5717,https://www.uniremington.edu.co/?p=47482
21742,publish,Gran final del torneo de microfutbol y baloncesto,2019-07-18 19:53:29,webcreativa,1100,https://www.uniremington.edu.co/gran-final-del-torneo-de-microfutbol-y-baloncesto/
30357,draft,Grupo de teatro Uniremington en YouTube,2020-05-29 19:13:19,masteruni,1325,https://www.uniremington.edu.co/?p=30357
31708,publish,Guía para el proceso de matrículas desde casa,2020-07-13 21:44:51,webcreativa,1967,https://www.uniremington.edu.co/guia-para-el-proceso-de-matriculas-desde-casa/
30277,draft,Guía para pago en línea,2020-05-28 11:21:43,masteruni,1396,https://www.uniremington.edu.co/?p=30277
60739,publish,Guía para planes sobre gestión del riesgo de desastres,2024-11-29 15:55:52,webcreativa,5180,https://www.uniremington.edu.co/guia-para-planes-sobre-gestion-del-riesgo-de-desastres/
50006,publish,Hicimos presencia en Feria del Libro de Madrid - 2023,2023-06-13 21:03:18,masteruni,2886,https://www.uniremington.edu.co/hicimos-presencia-en-feria-del-libro-de-madrid-2023/
32285,publish,Horario,2020-08-10 22:30:17,webcreativa,14,https://www.uniremington.edu.co/horario/
42074,publish,Humanidades y educación superior,2021-12-13 22:00:38,masteruni,3231,https://www.uniremington.edu.co/humanidades-y-educacion-superior/
42626,publish,Icetex abre convocatoria de créditos,2022-02-10 16:38:23,masteruni,4672,https://www.uniremington.edu.co/icetex-abre-convocatoria-de-creditos/
32013,publish,Icetex abre fondo especial para comunidades indígenas,2020-07-28 13:08:32,webcreativa,1668,https://www.uniremington.edu.co/icetex-abre-fondo-especial-para-comunidades-indigenas/
32047,publish,Icetex abre fondo especial para estudiantes de comunidades negras,2020-07-27 22:39:08,masteruni,2732,https://www.uniremington.edu.co/icetex-abre-fondo-especial-para-estudiantes-de-comunidades-negras/
47846,publish,Icetex ofrece créditos condonables a víctimas del conflicto,2022-11-21 14:26:50,masteruni,4885,https://www.uniremington.edu.co/icetex-ofrece-creditos-condonables-a-victimas-del-conflicto/
38468,publish,Icetex se transforma para ti,2021-04-07 14:27:03,masteruni,776,https://www.uniremington.edu.co/icetex-se-transforma-para-ti/
32510,publish,Icontec otorga el certificado de Conformidad de Servicios,2020-08-25 15:37:33,masteruni,1612,https://www.uniremington.edu.co/icontec-otorga-el-certificado-de-conformidad-de-servicios/
46555,draft,II Campamento de Ciencias Empresariales Uniremington,2022-09-16 13:53:05,masteruni,4843,https://www.uniremington.edu.co/?p=46555
17712,publish,II Congreso Internacional de Ciencias Empresariales,2019-05-31 20:08:32,webcreativa,1621,https://www.uniremington.edu.co/ii-congreso-internacional-de-ciencias-empresariales/
40429,publish,Imposición de Batas Blancas,2021-08-10 13:36:29,masteruni,1972,https://www.uniremington.edu.co/imposicion-de-batas-blancas/
45473,publish,Imposición de Batas Blancas a estudiantes de Medicina,2022-07-13 18:52:36,masteruni,4322,https://www.uniremington.edu.co/imposicion-de-batas-blancas-a-estudiantes-de-medicina/
42612,publish,Imposición de escudos y batas,2022-02-10 15:16:46,masteruni,5716,https://www.uniremington.edu.co/imposicion-de-escudos-y-batas/
69966,publish,Imposición de fonendoscopios a futuros profesionales de la medicina veterinaria de Uniremington Medellín,2026-05-14 20:27:38,acontreras,5596,https://www.uniremington.edu.co/imposicion-de-fonendoscopios-a-futuros-profesionales-de-la-medicina/
63933,publish,Imposición de insignias para iniciar internado médico,2025-06-16 16:30:34,rhenao,6654,https://www.uniremington.edu.co/imposicion-insignias-iniciar-internado-medico/
58735,publish,Imposición simbólica de fonendoscopios,2024-09-24 21:06:16,webcreativa,5652,https://www.uniremington.edu.co/imposicion-simbolica-de-fonendoscopios/
25056,private,Inauguración de la sede Uniremington Caucasia,2019-10-22 20:14:24,webcreativa,1716,https://www.uniremington.edu.co/inauguracion-de-la-sede-uniremington-caucasia/
25885,publish,Inducción consultorio Jurídico - Uniremington Medellín,2020-01-20 14:02:43,webcreativa,469,https://www.uniremington.edu.co/induccion-consultorio-juridico-uniremington-medellin/
32434,publish,Inducción de estudiantes nuevos 2020 - 02,2020-08-24 13:53:14,webcreativa,4885,https://www.uniremington.edu.co/induccion-de-estudiantes-nuevos-2020-02/
26063,publish,Inducción estudiantes nuevos 2020 - I,2020-01-24 21:42:15,webcreativa,518,https://www.uniremington.edu.co/induccion-estudiantes-nuevos-2020-i/
32354,draft,Inducción institucional,2020-08-14 23:34:31,masteruni,5681,https://www.uniremington.edu.co/?p=32354
66214,publish,Innovación lúdica ayuda a transformar la comunicación científica,2025-10-23 22:03:41,acontreras,5679,https://www.uniremington.edu.co/innovacion-ludica-ayuda-a-transformar-la-comunicacion-cientifica/
66182,publish,Innovación y transformación territorial: ejes de evento en Uniremington Yopal,2025-10-22 19:42:10,acontreras,7038,https://www.uniremington.edu.co/innovacion-sostenibilidad-y-transformacion-territorial-ejes-de-evento-internacional-en-uniremington-yopal/
17747,publish,Innovando con el laboratorio contable de estudiantes,2019-05-31 21:15:34,webcreativa,2429,https://www.uniremington.edu.co/laboratorio-contable-sahagun/
31769,draft,Inscripciones abiertas para suficiencias y preparatorios,2020-07-22 14:50:52,masteruni,3433,https://www.uniremington.edu.co/?p=31769
33424,draft,Inscripción de Candidatos,2020-09-14 19:56:17,webcreativa,693,https://www.uniremington.edu.co/?p=33424
48942,publish,"Instituto de investigación para la paz en Frankfurt, Alemania, elige trabajo de estudiante",2023-09-04 22:00:01,masteruni,2398,https://www.uniremington.edu.co/instituto-de-investigacion-para-la-paz-en-frankfurt-alemania-elige-trabajo-de-estudiante-para-publicar/
49568,publish,Instructivo - Exámenes Saber Pro y TyT / 2023-2,2023-04-28 19:11:23,masteruni,6317,https://www.uniremington.edu.co/instructivo-examenes-saber-pro-y-tyt-2023-2/
54857,publish,Instructivo para las pruebas Saber Pro y TyT,2024-02-12 19:01:24,webcreativa,5108,https://www.uniremington.edu.co/instructivo-para-las-pruebas-saber-pro-y-tyt-2/
39231,publish,Instructivo para las pruebas Saber Pro y TyT,2021-05-19 19:56:16,masteruni,5518,https://www.uniremington.edu.co/instructivo-para-las-pruebas-saber-pro-y-tyt/
37036,publish,Instructivo para las pruebas Saber TyT,2021-02-04 22:37:59,masteruni,5412,https://www.uniremington.edu.co/instructivo-para-las-pruebas-saber-tyt/
27583,publish,Instructivos para plataformas de teleclase,2020-03-26 15:27:02,masteruni,1413,https://www.uniremington.edu.co/instructivos-para-plataformas-de-teleclase/
49868,publish,Internacionalización en Uniremington Manizales,2023-06-02 15:42:59,masteruni,4488,https://www.uniremington.edu.co/internacionalizacion-en-uniremington-manizales/
44556,publish,Intersedes Uniremington - Regional Norte,2022-06-02 21:12:49,masteruni,6627,https://www.uniremington.edu.co/intersedes-uniremington-regional-norte/
49535,publish,Investigación formativa en instituciones de educación primaria,2023-04-26 12:56:00,masteruni,3864,https://www.uniremington.edu.co/investigacion-formativa-en-instituciones-de-educacion-primaria/
62458,publish,Investigación: fructosa artificial y desarrollo cerebral,2025-03-03 20:04:47,webcreativa,6905,https://www.uniremington.edu.co/investigacion-fructosa-artificial-y-desarrollo-cerebral/
39776,publish,IV Evento de Semilleros Uniremington Investiga,2021-06-17 20:02:15,webcreativa,1231,https://www.uniremington.edu.co/iv-evento-de-semilleros-uniremington-investiga/
52813,publish,Jornada de investigación formativa,2023-10-27 14:32:34,masteruni,8192,https://www.uniremington.edu.co/jornada-de-investigacion-formativa/
17642,publish,Jornada de salud Uniremington: “Hablar de sexualidad ya no es tabú”,2019-05-30 22:23:04,webcreativa,4053,https://www.uniremington.edu.co/jornada-de-salud-uniremington-hablar-de-sexualidad-ya-no-es-tabu/
43679,publish,Jornada de Salud Visual,2022-04-26 20:17:57,masteruni,778,https://www.uniremington.edu.co/jornada-de-salud-visual/
55822,publish,Jornadas académicas en jornadas de racionamiento de agua,2024-04-10 12:46:08,webcreativa,2339,https://www.uniremington.edu.co/jornadas-academicas-en-jornadas-de-racionamiento-de-agua/
51015,draft,Jornadas de bienestar en Uniremington Medellín,2023-08-14 19:34:43,masteruni,1978,https://www.uniremington.edu.co/?p=51015
58810,publish,"Jornadas de “Conciliatón”, un éxito",2024-09-25 18:44:19,webcreativa,5596,https://www.uniremington.edu.co/jornadas-de-conciliaton-un-exito/
46437,publish,Jornadas gratuitas de conciliación y de asesorías jurídicas,2022-09-09 20:39:32,masteruni,5321,https://www.uniremington.edu.co/jornadas-gratuitas-de-conciliacion-y-de-asesorias-juridicas/
23002,publish,Juegos de mesas abren el cronograma deportivo.,2019-09-04 16:52:28,webcreativa,693,https://www.uniremington.edu.co/juegos-de-mesas-abren-el-cronograma-deportivo/
58132,publish,Juramento de futuros abogados,2024-08-15 21:39:09,webcreativa,5487,https://www.uniremington.edu.co/juramento-de-futuros-abogados/
68779,publish,Juramento ético de estudiantes que inician prácticas en consultorio jurídico,2026-03-06 16:55:08,acontreras,8756,https://www.uniremington.edu.co/juramento-etico-de-estudiantes-para-consultorio-juridico/
33000,publish,La conciliación a tu servicio,2020-09-04 22:03:42,masteruni,2330,https://www.uniremington.edu.co/la-conciliacion-a-tu-servicio/
47146,publish,La FLA convoca a practicantes para 2023-1,2022-10-10 14:03:57,masteruni,4689,https://www.uniremington.edu.co/la-fla-convoca-a-practicantes-para-2023-1/
41473,publish,La importancia de las zonas francas,2021-10-15 21:13:29,masteruni,5795,https://www.uniremington.edu.co/la-importancia-de-las-zonas-francas/
46206,publish,La investigación y la educación para la inclusión,2022-08-29 12:36:13,masteruni,4832,https://www.uniremington.edu.co/la-investigacion-y-la-educacion-para-la-inclusion/
26760,publish,La RHS incluida en la plataforma del CvLAC de Colciencias,2020-02-28 21:17:24,webcreativa,1798,https://www.uniremington.edu.co/la-rhs-incluida-en-la-plataforma-del-cvlac-de-colciencias/
40539,draft,La solución es dialogando,2021-08-18 13:41:58,masteruni,4727,https://www.uniremington.edu.co/?p=40539
35209,publish,Lanzamiento de libro sobre turismo,2020-11-19 15:32:10,masteruni,3896,https://www.uniremington.edu.co/lanzamiento-de-libro-sobre-turismo/
51432,draft,Las Mantas,2023-08-28 16:13:11,masteruni,2796,https://www.uniremington.edu.co/?p=51432
43171,publish,Las representaciones de la ciudad,2022-03-17 16:20:28,masteruni,4410,https://www.uniremington.edu.co/las-representaciones-de-la-ciudad/
46717,publish,Legislación y gestión ambiental para empresarios,2022-09-20 19:05:07,masteruni,7863,https://www.uniremington.edu.co/legislacion-y-gestion-ambiental-para-empresarios/
41961,publish,Libro sobre enseñanza virtual,2021-11-26 15:15:06,masteruni,5897,https://www.uniremington.edu.co/libro-sobre-ensenanza-virtual/
43264,publish,Libros del FER en el Book Citation Index,2022-03-30 16:15:21,masteruni,5894,https://www.uniremington.edu.co/libros-del-fer-en-el-book-citation-index/
22229,publish,Libros digitales del FER en el mercado,2019-07-29 16:19:16,webcreativa,5418,https://www.uniremington.edu.co/libros-digitales-del-fer-en-el-mercado/
47594,publish,Listado definitivo de candidatos para Órganos colegiados de Uniremington,2022-11-01 20:34:20,masteruni,8980,https://www.uniremington.edu.co/listado-definitivo-de-candidatos-para-organos-colegiados-de-uniremington/
42487,publish,Lo que debes saber sobre ómicron,2022-02-03 21:46:45,masteruni,1727,https://www.uniremington.edu.co/lo-que-debes-saber-sobre-omicron/
38950,publish,Los adultos mayores y la terapia de la risa,2021-05-10 21:04:06,masteruni,3809,https://www.uniremington.edu.co/los-adultos-mayores-y-la-terapia-de-la-risa/
12467,publish,Los negocios en el futuro,2019-01-23 18:03:35,webcreativa,11301,https://www.uniremington.edu.co/los-negocios-en-el-futuro/
25440,publish,Los Núcleos de Apoyo Contable y Fiscal - NAF en Uniremington Tumaco,2019-11-14 18:55:48,webcreativa,865,https://www.uniremington.edu.co/los-nucleos-de-apoyo-contable-y-fiscal-naf-en-uniremington-tumaco/
30197,publish,Los síntomas marcan la diferencia…,2020-05-21 19:15:37,masteruni,2812,https://www.uniremington.edu.co/los-sintomas-marcan-la-diferencia/
37120,publish,Luto en Uniremington,2021-02-09 13:31:02,masteruni,1129,https://www.uniremington.edu.co/luto-en-uniremington/
49966,draft,Maestro 4.0: curso de verano para docentes y tutores,2023-06-07 13:02:01,masteruni,6368,https://www.uniremington.edu.co/?p=49966
70351,publish,Maestría en Gerencia de Tecnologías de la Información para afrontar nuevos retos,2026-06-09 21:09:16,acontreras,7767,https://www.uniremington.edu.co/maestria-en-gerencia-de-tecnologias-de-la-informacion/
70427,publish,Manifestación de gráfica popular con el rugido de la tinta en Medellín,2026-06-18 17:00:44,acontreras,7320,https://www.uniremington.edu.co/grafica-popular-con-el-rugido-de-la-tinta-en-medellin/
55920,publish,Manual de etnografía culinaria,2024-04-15 15:08:52,webcreativa,4723,https://www.uniremington.edu.co/manual-etnografia/
17617,publish,"Marzo, un mes de celebración profesional",2019-05-30 19:35:33,webcreativa,3522,https://www.uniremington.edu.co/marzo-un-mes-de-celebracion-profesional/
45141,publish,Mecanismo de Pago Contingente al Ingreso,2022-06-17 20:00:16,masteruni,4190,https://www.uniremington.edu.co/mecanismo-de-pago-contingente-al-ingreso/
64703,publish,Medalla de plata en Xpoilers 2025 para docente de Uniremington,2025-09-04 19:38:11,acontreras,3948,https://www.uniremington.edu.co/medalla-de-plata-en-xpoilers-2025-para-docente/
33452,publish,Medellín como destino universitario,2020-09-17 19:55:22,masteruni,1326,https://www.uniremington.edu.co/medellin-como-destino-universitario/
65586,publish,Medellín en palabras: remembranzas de la Organización Remington,2025-10-02 20:19:36,acontreras,8481,https://www.uniremington.edu.co/remembranzas-de-la-organizacion-remington/
44502,draft,"Medicina interna, conservación y ortopedia de aves",2022-06-01 13:17:05,masteruni,0,https://www.uniremington.edu.co/?p=44502
44503,draft,"Medicina interna, conservación y ortopedia de aves",2022-06-01 13:17:23,masteruni,0,https://www.uniremington.edu.co/?p=44503
56206,draft,Memorias de evento de investigación en la revista Saberes Uniremington,2024-05-09 19:49:15,webcreativa,4504,https://www.uniremington.edu.co/?p=56206
70406,publish,Memorias del XI Simposio de Investigaciones en la revista Saberes Uniremington,2026-06-12 14:05:05,acontreras,6408,https://www.uniremington.edu.co/memorias-del-xi-simposio-de-investigaciones/
70374,publish,Menciones y matrículas de honor entregadas a estudiantes por su mérito académico,2026-06-11 16:13:28,acontreras,6924,https://www.uniremington.edu.co/menciones-y-matriculas-de-honor-a-estudiantes-por-su-merito-academico/
50063,publish,Mención de honor por trabajo de investigación,2023-06-15 20:12:02,masteruni,4591,https://www.uniremington.edu.co/mencion-de-honor-por-trabajo-de-investigacion/
41016,publish,Mesa de Servicios Extendida,2021-09-21 16:53:22,webcreativa,1401,https://www.uniremington.edu.co/mesa-de-servicios-extendida/
22844,private,Modelos de predicción y propagación de deslizamientos mediante el uso de inventarios,2019-08-27 19:25:33,webcreativa,0,https://www.uniremington.edu.co/modelos-de-prediccion-y-propagacion-de-deslizamientos-mediante-el-uso-de-inventarios/
60889,draft,Movilidad académica internacional en Perú,2024-12-04 15:47:53,webcreativa,7798,https://www.uniremington.edu.co/?p=60889
22867,pending,Movilidad docente y de personal administrativo Uniremington,2019-08-28 14:19:15,webcreativa,1139,https://www.uniremington.edu.co/?p=22867
24709,publish,Movilidad estudiantil internacional para estudiantes Uniremington,2019-10-15 15:15:22,webcreativa,2413,https://www.uniremington.edu.co/movilidad-estudiantil-internacional-para-estudiantes-uniremington/
25180,publish,Movilidad estudiantil Local - Ofertas vigentes,2019-10-25 14:57:09,webcreativa,1523,https://www.uniremington.edu.co/movilidad-estudiantil-local/
37731,publish,Movilidad estudiantil virtual Universidad de Cuenca de Ecuador,2021-03-09 14:21:13,masteruni,2807,https://www.uniremington.edu.co/movilidad-estudiantil-virtual-universidad-de-cuenca-de-ecuador/
59533,publish,Movilidad internacional en marcha,2024-10-18 14:41:05,webcreativa,7747,https://www.uniremington.edu.co/movilidad-en-marcha/
44279,publish,Movilidad virtual internacional,2022-05-23 15:00:22,masteruni,3232,https://www.uniremington.edu.co/movilidad-virtual-internacional/
42588,publish,Movilidad y jornadas académicas contables,2022-02-09 15:54:21,masteruni,5866,https://www.uniremington.edu.co/movilidad-y-jornadas-academicas-contables/
23086,publish,Muestra de Emprendimiento e Innovación,2019-09-07 14:53:23,webcreativa,1436,https://www.uniremington.edu.co/muestra-de-emprendimiento-e-innovacion/
21617,publish,Mujer migrante venezolana,2019-07-17 13:39:18,webcreativa,4880,https://www.uniremington.edu.co/mujer-migrante-venezolana/
42963,publish,Mujer y desarrollo,2022-03-03 22:55:29,masteruni,6252,https://www.uniremington.edu.co/mujer-y-desarrollo/
25731,draft,"Mujer, Feminismo y conciencia política en Medellín",2019-12-16 16:37:01,webcreativa,4056,https://www.uniremington.edu.co/?p=25731
44610,publish,Más programas con Acreditación en Alta Calidad,2022-06-03 14:34:27,masteruni,6818,https://www.uniremington.edu.co/mas-programas-con-acreditacion-en-alta-calidad/
47901,publish,Niños veterinarios Uniremington,2022-11-23 15:56:09,masteruni,4958,https://www.uniremington.edu.co/ninos-veterinarios-uniremington/
27565,publish,No descuides tu bienestar,2020-03-25 21:28:38,webcreativa,526,https://www.uniremington.edu.co/no-descuides-tu-bienestar/
45300,publish,Notables avances de Uniremington en escalafón Minciencias,2022-06-28 15:49:24,masteruni,11219,https://www.uniremington.edu.co/notables-avances-de-uniremington-en-escalafon-minciencias/
48392,publish,Novedad editorial de literatura del FER,2023-02-08 13:00:35,masteruni,3183,https://www.uniremington.edu.co/novedad-editorial-de-literatura-del-fer/
38030,draft,Novedad editorial del FER  Libro de investigación de descarga gratuita,2021-03-17 21:43:25,masteruni,3610,https://www.uniremington.edu.co/?p=38030
36529,publish,Novedad editorial del FER  Libro de investigación de descarga gratuita,2021-01-21 19:35:52,masteruni,3195,https://www.uniremington.edu.co/novedad-editorial-del-fer-libro-de-investigacion-de-descarga-gratuita/
35905,publish,Novedad editorial del FER - Enero de 2021,2021-01-07 22:37:25,masteruni,3590,https://www.uniremington.edu.co/novedad-editorial-del-fer-enero-de-2021/
17657,publish,Novedad editorial FER - Abril de 2019 Manual para la asignatura de costos,2019-05-31 16:09:41,webcreativa,2032,https://www.uniremington.edu.co/novedad-editorial-fer-abril-de-2019-manual-para-la-asignatura-de-costos/
17682,publish,Novedad editorial FER - Mayo de 2019,2019-05-31 16:46:28,webcreativa,3829,https://www.uniremington.edu.co/novedad-editorial-fer-mayo-de-2019/
13601,publish,Novedad editorial FER – Enero 2019 Hábitat y poder,2019-02-06 15:33:11,webcreativa,2588,https://www.uniremington.edu.co/novedad-editorial-fer-enero-2019-habitat-y-poder/
32542,publish,Novedades editoriales 2020-1,2020-08-26 19:49:17,masteruni,5997,https://www.uniremington.edu.co/novedades-editoriales-2020-1/
25480,publish,Novedades editoriales del FER - Noviembre de 2019,2019-11-22 15:02:54,webcreativa,5297,https://www.uniremington.edu.co/novedades-editoriales-del-fer-noviembre-de-2019/
49652,publish,"Novela negra, tema central de evento cultural en Uniremington",2023-05-09 15:34:57,masteruni,7414,https://www.uniremington.edu.co/novela-negra-tema-central-de-evento-cultural-en-uniremington/
43781,publish,"Nuestros niños, raíces de un mejor futuro",2022-04-28 19:32:07,masteruni,593,https://www.uniremington.edu.co/nuestros-ninos-raices-de-un-mejor-futuro/
67142,publish,Nueva cohorte de profesionales y especialistas se gradúan en Uniremington,2025-12-17 14:11:13,acontreras,6221,https://www.uniremington.edu.co/nueva-cohorte-de-profesionales-y-especialistas-se-graduan-en-uniremington/
22921,publish,Nueva publicación del FER en la Fiesta del Libro y la Cultura de Medellín,2019-09-02 01:00:25,webcreativa,3129,https://www.uniremington.edu.co/nueva-publicacion-del-fer-en-la-fiesta-del-libro-y-la-cultura-de-medellin/
17539,private,Nueva Sede de la corporación Universitaria Remington en Cartago - Valle,2019-05-30 14:11:14,webcreativa,1173,https://www.uniremington.edu.co/nueva-sede-de-uniremington-en-cartago-valle/
55391,publish,Nueva sede de Uniremington Apartadó,2024-03-14 14:42:53,webcreativa,5483,https://www.uniremington.edu.co/nueva-sede-de-uniremington-apartado/
30836,publish,Nuevas revistas digitales sobre ciencias de la salud,2020-06-16 13:23:52,webcreativa,2913,https://www.uniremington.edu.co/nuevas-revistas-digitales-sobre-ciencias-de-la-salud/
27966,publish,Nuevo Decano de la Facultad de Medicina Veterinaria,2020-04-13 20:50:10,masteruni,1859,https://www.uniremington.edu.co/nuevo-decano-de-la-facultad-de-medicina-veterinaria/
39658,publish,Nuevo número de la RHS,2021-06-10 19:34:20,masteruni,6945,https://www.uniremington.edu.co/nuevo-numero-de-la-rhs/
43035,publish,Nuevos alivios para créditos,2022-03-07 16:34:07,masteruni,5670,https://www.uniremington.edu.co/nuevos-alivios-para-creditos/
54984,publish,Nuevos estudiantes de ciencias de la salud en Uniremington,2024-02-21 16:08:01,webcreativa,5344,https://www.uniremington.edu.co/nuevos-estudiantes-de-ciencias-de-la-salud-en-uniremington/
68562,draft,Nuevos estudiantes de derecho inician su reto en el Consultorio jurídico de Uniremington Medellín,2026-02-26 13:20:25,acontreras,0,https://www.uniremington.edu.co/?p=68562
57315,publish,Nuevos estudiantes para la profesión médica y Medicina Veterinaria en Uniremington,2024-07-09 15:53:47,webcreativa,7038,https://www.uniremington.edu.co/nuevos-medica-veterinaria/
50959,publish,Nuevos profesionales universitarios,2023-08-11 21:44:59,masteruni,6180,https://www.uniremington.edu.co/nuevos-profesionales-universitarios/
37060,publish,Obtén tu tarjeta cívica - Perfil Estudiantil,2021-02-05 20:34:42,masteruni,3269,https://www.uniremington.edu.co/obten-tu-tarjeta-civica-perfil-estudiantil/
25133,publish,OPEN HOUSE EGRESADOS SENA,2019-10-24 15:49:04,webcreativa,1057,https://www.uniremington.edu.co/egresados-sena/
66556,publish,Orden al Mérito Cívico y Empresarial para Uniremington,2025-11-12 21:46:25,acontreras,5331,https://www.uniremington.edu.co/orden-al-merito-civico-y-empresarial-para-uniremington/
27226,publish,Orgullosamente mujer: Así fue el conversatorio,2020-03-13 04:03:52,webcreativa,3530,https://www.uniremington.edu.co/orgullosamente-mujer/
26318,publish,Palabras de despedida ex directora Uniremington Sede Manizales,2020-02-07 20:44:23,webcreativa,3316,https://www.uniremington.edu.co/palabras-de-despedida/
67556,publish,Participación en agenda global por la iluminación sostenible,2026-01-21 22:08:44,acontreras,8066,https://www.uniremington.edu.co/participacion-en-agenda-global-por-la-iluminacion-sostenible/
63492,publish,Participación en evento internacional sobre seguridad alimentaria y género,2025-06-05 14:55:38,webcreativa,9409,https://www.uniremington.edu.co/participacion-en-evento-internacional-sobre-seguridad-alimentaria-genero/
35559,publish,Participación Feria Universitaria Guacari Valle,2020-12-03 17:01:05,webcreativa,615,https://www.uniremington.edu.co/participacion-feria-universitaria-guacari-valle/
45899,publish,Pasos para lograr una venta,2022-08-09 12:47:50,masteruni,5893,https://www.uniremington.edu.co/pasos-para-lograr-una-venta/
41031,draft,Pasos para solicitar certificados,2021-09-21 16:47:02,webcreativa,710,https://www.uniremington.edu.co/?p=41031
41835,publish,Pautas para el mundo laboral y exaltación de egresados,2021-11-18 19:42:09,masteruni,5343,https://www.uniremington.edu.co/pautas-para-el-mundo-laboral-y-exaltacion-de-egresados/
20846,publish,Paz y reconciliación,2019-07-08 20:38:41,webcreativa,3322,https://www.uniremington.edu.co/paz-y-reconciliacion/
17552,private,Peaje cerritos que se encuentra entre Pereira y Cartago puede desaparecer,2019-05-30 14:36:37,webcreativa,1206,https://www.uniremington.edu.co/peaje-cerritos-que-se-encuentra-entre-pereira-y-cartago-puede-desaparecer/
17532,private,Photochallenge 2019 – “La dictadura de la belleza”,2019-05-30 13:44:12,webcreativa,1439,https://www.uniremington.edu.co/photochallenge-2019-la-dictadura-de-la-belleza/
43500,draft,Ponente de Ingenierías en evento internacional,2022-04-07 16:44:25,masteruni,5859,https://www.uniremington.edu.co/?p=43500
21713,publish,Por segunda vez la uniremington villavicencio participa en el joropodromo,2019-07-18 16:47:04,webcreativa,1189,https://www.uniremington.edu.co/por-segunda-vez-la-uniremington-villavicencio-participa-en-el-joropodromo/
37202,publish,Portafolio de servicios Consultorio jurídico y Centro de conciliación de Uniremington,2021-02-18 16:19:26,masteruni,3460,https://www.uniremington.edu.co/portafolio-de-servicios-consultorio-juridico-y-centro-de-conciliacion-de-uniremington/
21727,publish,Posicionamiento de la marca Uniremington,2019-07-18 19:18:30,webcreativa,930,https://www.uniremington.edu.co/posicionamiento-de-la-marca-uniremington/
43936,publish,Postula tus artículos científicos,2022-05-06 20:23:01,masteruni,5816,https://www.uniremington.edu.co/postula-tus-articulos-cientificos/
22611,publish,Postule su artículo para la nueva edición de la RHS,2019-08-20 16:37:43,webcreativa,684,https://www.uniremington.edu.co/postule-su-articulo-para-la-nueva-edicion-de-la-rhs/
38598,publish,Postúlate a un crédito educativo con el Icetex,2021-04-20 13:12:13,masteruni,1745,https://www.uniremington.edu.co/postulate-a-un-credito-educativo-con-el-icetex/
38549,publish,Postúlate para prácticas en EPM,2021-04-14 20:59:52,masteruni,4460,https://www.uniremington.edu.co/postulate-para-practicas-en-epm/
45948,publish,Potenciando las habilidades blandas,2022-08-11 12:33:40,masteruni,6757,https://www.uniremington.edu.co/potenciando-las-habilidades-blandas/
26054,publish,Pre-Inscripción Nueva sede Tulua,2020-01-24 20:48:00,webcreativa,5795,https://www.uniremington.edu.co/pre-inscripcion-tulua/
26013,draft,Pregrados y especializaciones ofertados por Uniremington en el Chocó,2020-01-24 14:34:18,webcreativa,4168,https://www.uniremington.edu.co/?p=26013
41010,publish,Prepárate para las pruebas Saber Pro,2021-09-24 21:02:09,masteruni,4959,https://www.uniremington.edu.co/preparate-para-las-pruebas-saber-pro/
17727,private,Prepárate que llegan las pruebas SABER PRO 2019 - 2,2019-05-31 20:22:13,webcreativa,1234,https://www.uniremington.edu.co/preparate-que-llegan-las-pruebas-saber-pro-2019-2/
60480,publish,Presencia de docente de Uniremington en Guatemala,2024-11-26 12:53:57,webcreativa,8817,https://www.uniremington.edu.co/presencia-de-docente-de-uniremington-en-guatemala/
25746,draft,"Presencia del observatorio de género, equidad y justicia",2019-12-17 20:28:36,webcreativa,3694,https://www.uniremington.edu.co/?p=25746
37671,publish,Presentación de informes de gestión - Año 2020,2021-03-02 14:10:36,masteruni,1810,https://www.uniremington.edu.co/presentacion-de-informes-de-gestion-ano-2020/
33465,publish,Presentación de libro sobre medicina,2020-09-16 21:05:52,masteruni,2676,https://www.uniremington.edu.co/presentacion-de-libro-sobre-medicina/
46121,publish,Presentación de publicación editada por el FER,2022-08-18 16:37:31,masteruni,4092,https://www.uniremington.edu.co/presentacion-de-publicacion-editada-por-el-fer/
30010,publish,Prevención y mitigación del covid-19 en Uniremington Protocolo de bioseguridad,2020-05-14 22:22:31,masteruni,1451,https://www.uniremington.edu.co/prevencion-y-mitigacion-del-covid-19-en-uniremington-protocolo-de-bioseguridad/
63527,publish,Primer Encuentro del Laboratorio de Innovación en Bioeconomía,2025-06-05 20:21:06,webcreativa,7394,https://www.uniremington.edu.co/primer-encuentro-laboratorio-innovacion-en-bioeconomia/
46170,publish,Primer Encuentro Nacional de Empresarios en Uniremington,2022-08-23 13:17:52,masteruni,5474,https://www.uniremington.edu.co/primer-encuentro-nacional-de-empresarios-en-uniremington/
60877,publish,Primer jardín etnobiológico en Yopal,2024-12-04 12:40:54,webcreativa,5621,https://www.uniremington.edu.co/jardin-etnobiologico-yopal/
27573,draft,Proceso de elección de personero en Cerro de San Antonio,2020-03-25 21:02:09,webcreativa,912,https://www.uniremington.edu.co/?p=27573
37781,publish,Proceso de graduación para julio de 2021,2021-03-08 21:51:20,masteruni,841,https://www.uniremington.edu.co/proceso-de-graduacion-para-julio-de-2021/
69733,publish,Profesores investigadores de Uniremington continúan generando apropiación social de conocimiento,2026-04-30 13:57:59,acontreras,72759,https://www.uniremington.edu.co/profesores-investigadores-de-uniremington-continuan-generando-apropiacion-social-de-conocimiento/
32068,draft,Programa de crédito del Icetex  Educación en línea para las regiones,2020-07-28 21:07:31,masteruni,2264,https://www.uniremington.edu.co/?p=32068
17548,private,Programa PAE en el Valle del Cauca es imagen a nivel nacional,2019-05-30 14:27:05,webcreativa,1275,https://www.uniremington.edu.co/programa-pae-en-el-valle-del-cauca-es-imagen-a-nivel-nacional/
27167,publish,Programa PALOMA - Movilidad estudiantil local,2020-03-31 13:00:29,masteruni,7022,https://www.uniremington.edu.co/programa-paloma-movilidad-estudiantil-local/
45345,publish,Propuesta pedagógica y lúdicas,2022-07-01 16:24:24,masteruni,3987,https://www.uniremington.edu.co/propuesta-pedagogica-y-ludicas/
43150,publish,Protección animal en marcha,2022-03-15 19:48:09,masteruni,5555,https://www.uniremington.edu.co/proteccion-animal-en-marcha/
65733,publish,Proyección social de “Uniremington al Parque” en Montería y Copacabana,2025-10-10 12:53:39,acontreras,5769,https://www.uniremington.edu.co/proyeccion-social-de-uniremington-al-parque-en-monteria-y-copacabana/
60629,publish,Proyección social del Consultorio Contable de Uniremington,2024-11-27 20:49:25,webcreativa,7224,https://www.uniremington.edu.co/proyeccion-social-consultorio-contable/
34288,publish,Proyecto de Educación Superior Galileo 2.0,2020-10-19 21:50:01,masteruni,2368,https://www.uniremington.edu.co/proyecto-de-educacion-superior-galileo-2-0/
60295,publish,Proyecto que beneficia a mujeres gestantes de Antioquia,2024-11-21 13:01:06,webcreativa,7416,https://www.uniremington.edu.co/proyecto-que-beneficia-a-mujeres-gestantes-de-antioquia/
20938,publish,Proyecto: Red cultura ciudadana del Quindío,2019-07-09 13:52:44,webcreativa,2417,https://www.uniremington.edu.co/proyecto-red-cultura-ciudadana-del-quindio/
38942,draft,PRUEBA,2021-05-07 14:50:56,masteruni,0,https://www.uniremington.edu.co/?p=38942
39173,draft,prueba,2021-05-14 16:24:18,masteruni,953,https://www.uniremington.edu.co/?p=39173
39269,draft,PRUEBA,2021-05-20 19:31:37,masteruni,1088,https://www.uniremington.edu.co/?p=39269
51440,publish,Prueba piloto de rediseño de identidad corporativa,2023-09-04 22:16:15,masteruni,1341,https://www.uniremington.edu.co/prueba-piloto-de-rediseno-de-identidad-corporativa/
17673,private,Pruebas Saber Pro y TyT - Calendario segundo semestre de 2019,2019-05-31 16:34:44,webcreativa,850,https://www.uniremington.edu.co/pruebas-saber-pro-y-tyt-calendario-segundo-semestre-de-2019/
26097,publish,Pruebas Saber Pro y TyT /,2020-07-17 01:00:58,masteruni,9387,https://www.uniremington.edu.co/pruebas-saber-pro-y-tyt-2020-2/
42575,publish,Pruebas Saber Pro y TyT / 2022-1,2022-02-08 22:06:24,masteruni,2409,https://www.uniremington.edu.co/pruebas-saber-pro-y-tyt-2022-1/
41113,publish,Prácticas en la Alcaldía de Medellín,2021-09-23 22:41:15,masteruni,5648,https://www.uniremington.edu.co/practicas-en-la-alcaldia-de-medellin/
38682,draft,Prácticas laborales en el sector público,2021-04-23 16:15:43,masteruni,0,https://www.uniremington.edu.co/?p=38682
38683,publish,Prácticas laborales en el sector público,2021-04-23 22:02:03,masteruni,3596,https://www.uniremington.edu.co/practicas-laborales-en-el-sector-publico/
41857,publish,Prácticas profesionales en el sector público,2021-11-19 14:58:17,masteruni,6458,https://www.uniremington.edu.co/practicas-profesionales-en-el-sector-publico/
49782,publish,Prácticas profesionales en el sector público,2023-05-23 19:10:18,masteruni,5338,https://www.uniremington.edu.co/practicas-profesionales-en-el-sector-publico-2/
48995,publish,Prácticas profesionales en la Alcaldía de Medellín,2023-03-27 14:12:54,masteruni,5818,https://www.uniremington.edu.co/practicas-profesionales-en-la-alcaldia-de-medellin/
49101,publish,Prácticas Profesionales en la Gobernación de Antioquia,2023-03-29 15:03:56,masteruni,4604,https://www.uniremington.edu.co/practicas-profesionales-en-la-gobernacion-de-antioquia/
50189,publish,Publica con el Fondo Editorial Remington - 2023,2023-07-04 15:02:53,masteruni,4196,https://www.uniremington.edu.co/publica-con-el-fondo-editorial-remington-2023/
66144,publish,Reconocimiento a la ponencia “Transformando realidades con derechos sin barreras”,2025-10-20 22:15:08,acontreras,6000,https://www.uniremington.edu.co/reconocimiento-a-la-ponencia-transformando-realidades-con-derechos-sin-barreras/
58636,publish,Reconocimiento a Uniremington Caucasia,2024-09-20 17:20:20,webcreativa,4518,https://www.uniremington.edu.co/reconocimiento-a-uniremington-caucasia/
66150,publish,Reconocimiento a Uniremington por su promoción de la lactancia materna en el entorno laboral,2025-10-21 14:05:45,acontreras,7314,https://www.uniremington.edu.co/reconocimiento-a-uniremington-por-su-promocion-de-la-lactancia-materna-en-el-entorno-laboral/
38226,publish,Reconocimiento y medición de grupos de investigación,2021-03-24 13:33:38,masteruni,7917,https://www.uniremington.edu.co/reconocimiento-y-medicion-de-grupos-de-investigacion/
39376,publish,Reconocimientos a docentes Uniremington,2021-05-25 20:21:34,masteruni,1767,https://www.uniremington.edu.co/reconocimientos-a-docentes-uniremington/
33631,publish,Reconocimientos al Mérito Investigativo,2020-09-18 19:05:07,masteruni,4334,https://www.uniremington.edu.co/reconocimientos-al-merito-investigativo/
34357,publish,Rector de Uniremington Recibe distinción Manuel Uribe Ángel,2020-10-21 16:14:04,masteruni,1463,https://www.uniremington.edu.co/rector-de-uniremington-recibe-distincion-manuel-uribe-angel/
35368,draft,Rector de Uniremington recibe premio del MEN,2020-11-26 13:43:05,masteruni,1819,https://www.uniremington.edu.co/?p=35368
39536,draft,Registrado personal para el Plan Nacional de Vacunación,2021-05-27 15:27:24,masteruni,91,https://www.uniremington.edu.co/?p=39536
39538,publish,Registrado personal para el Plan Nacional de Vacunación,2021-05-27 15:35:12,masteruni,1312,https://www.uniremington.edu.co/registrado-personal-para-el-plan-nacional-de-vacunacion/
66874,publish,Registro calificado para Tecnología en Regencia de Farmacia de Uniremington,2025-11-28 12:29:30,acontreras,7308,https://www.uniremington.edu.co/registro-calificado-para-tecnologia-en-regencia-de-farmacia-de-uniremington/
48202,publish,Registro para las pruebas Saber Pro y TyT / 2023-1,2023-01-17 16:03:13,masteruni,7080,https://www.uniremington.edu.co/registro-para-las-pruebas-saber-pro-y-tyt-2023-1/
44025,publish,Registro para pruebas Saber Pro y TyT,2022-05-11 20:41:32,masteruni,7722,https://www.uniremington.edu.co/registro-para-pruebas-saber-pro-y-tyt/
69518,publish,Registros calificados para nuevos programas ofertados por Uniremington,2026-04-15 19:02:40,acontreras,8328,https://www.uniremington.edu.co/registros-calificados-para-nuevos-programas-ofertados-por-uniremington/
67167,publish,Registros calificados para nuevos programas que ofrecerá Uniremington,2025-12-17 15:47:46,acontreras,7668,https://www.uniremington.edu.co/registros-calificados-para-nuevos-programas-que-ofrecera-uniremington/
49300,publish,Rendición de cuentas públicas de Uniremington,2023-04-18 15:37:54,masteruni,9383,https://www.uniremington.edu.co/rendicion-de-cuentas-publicas-de-uniremington/
42725,publish,Renovación de créditos para comunidades negras,2022-02-16 16:56:38,masteruni,3901,https://www.uniremington.edu.co/renovacion-de-creditos-para-comunidades-negras/
29975,publish,Repensemos nuestra vivencia en casa “Postales de cuarentena”,2020-05-14 16:06:22,masteruni,5205,https://www.uniremington.edu.co/noticia-repensemos-nuestra-vivencia-en-casa-postales-de-cuarentena/
41842,publish,Representantes elegidos a órganos colegiados Uniremington,2021-11-18 20:52:20,masteruni,11007,https://www.uniremington.edu.co/representantes-elegidos-a-organos-colegiados-uniremington/
65745,publish,Residentes de Pediatría se suman al proceso de acreditación de alta calidad,2025-10-10 20:34:55,acontreras,5101,https://www.uniremington.edu.co/residentes-de-pediatria-se-suman-al-proceso-de-acreditacion-de-alta-calidad/
44746,draft,Resolución de conflictos y mediación,2022-06-06 22:42:48,masteruni,10383,https://www.uniremington.edu.co/?p=44746
27499,publish,Resolución No. 01- Marzo 17 de 2020,2020-03-20 22:15:58,webcreativa,1312,https://www.uniremington.edu.co/resolucion-no-01-marzo-17-de-2020/
32211,publish,Resolución No. 03 - Rectoría Uniremington,2020-08-05 21:28:06,webcreativa,1447,https://www.uniremington.edu.co/resolucion-no-03-rectoria-uniremington/
34793,publish,Resolución Rectoral  Candidatos definitivos,2020-11-05 21:33:36,masteruni,5988,https://www.uniremington.edu.co/resolucion-rectoral-candidatos-definitivos/
34453,publish,Resolución Rectoral de inscritos,2020-10-24 13:26:12,masteruni,5327,https://www.uniremington.edu.co/resolucion-rectoral-de-inscritos/
25693,draft,Resolución Rectoral de Uniremington de interés público,2019-12-05 20:55:38,webcreativa,461,https://www.uniremington.edu.co/?p=25693
25694,publish,Resolución Rectoral de Uniremington de interés público,2019-12-05 21:03:06,webcreativa,1992,https://www.uniremington.edu.co/resolucion-rectoral-de-uniremington-de-interes-publico/
49051,publish,Resolución Rectoral n°.02 de marzo 27 de 2023,2023-03-29 12:43:04,masteruni,2263,https://www.uniremington.edu.co/resolucion-rectoral-n-02-de-marzo-27-de-2023/
35227,publish,Resultado de elección de representantes,2020-11-19 20:44:31,masteruni,3142,https://www.uniremington.edu.co/resultado-de-eleccion-de-representantes/
48779,publish,"Retos de la ciencia, tecnología e innovación en Colombia",2023-03-03 13:38:53,masteruni,7555,https://www.uniremington.edu.co/ciencia-tecnologia-e-innovacion-en-colombia-retos/
53511,publish,Revista de divulgación de saberes basados en la investigación,2023-11-27 21:42:20,webcreativa,3045,https://www.uniremington.edu.co/revista-de-divulgacion-de-saberes-basados-en-la-investigacion/
43353,publish,Revista de la Facultad de Ciencias Contables,2022-04-01 15:19:01,masteruni,5634,https://www.uniremington.edu.co/revista-de-la-facultad-de-ciencias-contables/
12448,publish,Revista Humanismo y Sociedad - RHS Nueva edición digital disponible,2019-01-22 16:31:58,webcreativa,4557,https://www.uniremington.edu.co/revista-humanismo-y-sociedad-rhs-nueva-edicion-digital-disponiblerevista-humanismo-y-sociedad-rhs-nueva-edicion-digital-disponible/
65670,publish,Revista Humanismo y Sociedad indexada en Redalyc,2025-10-06 20:29:31,acontreras,5641,https://www.uniremington.edu.co/revista-humanismo-y-sociedad-indexada-en-redalyc/
69066,publish,Revista Saberes Uniremington publica su volumen 6,2026-03-18 13:53:04,acontreras,5933,https://www.uniremington.edu.co/revista-saberes-uniremington-publica-su-volumen-6/
42420,publish,RHS - Revista Humanismo ingresa a AmeliCA,2022-01-28 19:34:01,masteruni,3735,https://www.uniremington.edu.co/rhs-revista-humanismo-ingresa-a-amelica/
48565,publish,RHS abre convocatoria para recepción de artículos,2023-02-20 16:27:21,masteruni,5077,https://www.uniremington.edu.co/rhs-abre-convocatoria-para-recepcion-de-articulos/
46056,publish,RHS en EuroPub y en DOAJ,2022-08-12 17:49:58,masteruni,3757,https://www.uniremington.edu.co/rhs-en-europub-y-en-doaj/
36157,publish,RHS-Revista Humanismo y Sociedad ingresa al índice ERIH PLUS,2021-01-12 16:26:36,masteruni,3759,https://www.uniremington.edu.co/rhs-revista-humanismo-y-sociedad-ingresa-al-indice-erih-plus/
28232,publish,Rumbaterapia Uniremington,2020-04-17 21:41:11,webcreativa,309,https://www.uniremington.edu.co/rumbaterapiq-uniremington/
45374,publish,Sala de lactancia materna en Uniremington Medellín,2022-07-05 20:54:39,masteruni,4537,https://www.uniremington.edu.co/sala-de-lactancia-materna-en-uniremington-medellin/
49805,publish,Salud e inclusión en Uniremington Apartadó,2023-05-30 15:04:10,masteruni,5592,https://www.uniremington.edu.co/salud-e-inclusion-en-uniremington-apartado/
68410,publish,Scopus publica artículo de investigadores de Uniremington sobre biomarcadores en Alzheimer,2026-02-20 17:32:46,acontreras,6638,https://www.uniremington.edu.co/scopus-publica-articulo-de-investigadores-de-uniremington-sobre-biomarcadores-en-alzheimer/
27994,publish,Se amplía plazo para devolución de material bibliográfico,2020-04-13 22:25:21,masteruni,684,https://www.uniremington.edu.co/se-amplia-plazo-para-devolucion-de-material-bibliografico/
44333,publish,Sector público oferta prácticas profesionales,2022-05-24 15:51:33,masteruni,4579,https://www.uniremington.edu.co/sector-publico-oferta-practicas-profesionales/
27987,publish,Segunda capacitación virtual Tus libros favoritos a un solo clic,2020-04-13 22:12:56,masteruni,1443,https://www.uniremington.edu.co/segunda-capacitacion-virtual-tus-libros-favoritos-a-un-solo-clic/
46999,publish,Semana Cultural Uniremington Apartadó,2022-10-05 12:55:41,masteruni,6673,https://www.uniremington.edu.co/semana-cultural-uniremington-apartado/
25240,publish,Semana de Encuentro de Egresados – 2019,2019-10-30 15:13:37,webcreativa,2817,https://www.uniremington.edu.co/semana-de-encuentro-de-egresados-2019/
32406,draft,Semana de Investigación,2020-08-19 19:18:57,masteruni,48,https://www.uniremington.edu.co/?p=32406
46210,publish,Semana de la investigación en Uniremington,2022-08-29 13:36:24,masteruni,8805,https://www.uniremington.edu.co/semana-de-la-investigacion-en-uniremington/
23180,publish,Semana de la Investigación Uniremington,2019-09-13 13:29:50,webcreativa,7126,https://www.uniremington.edu.co/semana-de-la-investigacion-uniremington/
33859,draft,Semana de la Investigación Uniremington 2020,2020-09-30 21:10:33,masteruni,4492,https://www.uniremington.edu.co/?p=33859
48440,publish,Semana de la Mujer,2023-02-13 12:53:18,masteruni,3504,https://www.uniremington.edu.co/semana-de-la-mujer/
23224,publish,Semana de la salud,2019-09-14 12:56:26,webcreativa,728,https://www.uniremington.edu.co/semana-de-la-salud/
24652,publish,Semana Extrema - Uniremington Medellín,2019-10-10 15:26:58,webcreativa,3513,https://www.uniremington.edu.co/semana-extrema-uniremington-medellin/
70183,publish,Semana internacional fortaleció la visión global universitaria y el intercambio cultural,2026-05-28 20:03:14,acontreras,8755,https://www.uniremington.edu.co/semana-internacional-fortalecio-la-vision-global-universitaria-y-el-intercambio-cultural/
49668,publish,Semillero de investigación de Uniremington se destaca en “Reto 2023”,2023-05-10 13:37:38,masteruni,5555,https://www.uniremington.edu.co/semillero-de-investigacion-de-uniremington-se-destaca-en-reto-2023/
63341,publish,Semilleros de Uniremington en Encuentro Departamental de Investigación,2025-06-03 14:47:08,webcreativa,6238,https://www.uniremington.edu.co/semilleros-uniremington-en-encuentro-departamental-investigacion/
46151,publish,Seminario de grado en Impuestos,2022-08-22 15:23:22,masteruni,6898,https://www.uniremington.edu.co/seminario-de-grado-en-impuestos/
17584,draft,Seminario taller: “Destreza en el manejo del inglés para el profesional”,2019-05-30 15:56:09,webcreativa,2098,https://www.uniremington.edu.co/?p=17584
46504,publish,Seminarios de actualización en el campo empresarial,2022-09-12 13:02:59,masteruni,7051,https://www.uniremington.edu.co/seminarios-de-actualizacion-en-el-campo-empresarial/
55057,publish,Servicios médicos con tarifas y beneficios especiales,2024-02-22 16:01:09,webcreativa,2988,https://www.uniremington.edu.co/servicios-medicos-con-tarifas-y-beneficios-especiales/
17629,publish,"Si quieres ser hacker, debes leer esto",2019-05-30 21:46:21,webcreativa,2292,https://www.uniremington.edu.co/si-quieres-ser-hacker-debes-leer-esto/
58539,publish,Simposio de residentes de psiquiatría,2024-09-18 20:31:03,webcreativa,9367,https://www.uniremington.edu.co/simposio-residentes-psiquiatria/
45985,publish,Simposio sobre lactancia materna y temas afines,2022-08-11 14:34:30,masteruni,5851,https://www.uniremington.edu.co/simposio-sobre-lactancia-materna-y-temas-afines/
22898,draft,Simulacro virtual para las pruebas Saber Pro y TyT 2019-2,2019-08-29 13:55:12,webcreativa,1513,https://www.uniremington.edu.co/?p=22898
53103,publish,Sistematización de experiencias como práctica investigativa,2023-11-20 15:02:33,webcreativa,16179,https://www.uniremington.edu.co/sistematizacion-de-experiencias-como-practica-investigativa/
49716,publish,Soluciones en créditos Icetex,2023-05-17 14:22:23,masteruni,4283,https://www.uniremington.edu.co/soluciones-en-creditos-icetex/
30568,publish,Suma de alternativas para tu crédito estudiantil,2020-06-05 14:50:34,masteruni,567,https://www.uniremington.edu.co/suma-de-alternativas-para-tu-credito-estudiantil/
31662,publish,Suspensión temporal de atención presencial,2020-07-11 00:14:05,masteruni,1412,https://www.uniremington.edu.co/suspension-temporal-de-atencion-presencial/
27310,publish,Suspensión temporal de clases y eventos presenciales en Uniremington,2020-03-16 17:05:38,webcreativa,4397,https://www.uniremington.edu.co/suspension-temporal-de-clases-y-eventos-presenciales-en-uniremington/
27319,publish,Suspensión temporal de tutorías presenciales,2020-03-16 20:23:52,webcreativa,1376,https://www.uniremington.edu.co/suspension-temporal-de-tutorias-presenciales/
51870,publish,Talento y creatividad en Fiesta del Libro en Medellín,2023-09-19 16:05:49,webcreativa,4425,https://www.uniremington.edu.co/talento-y-creatividad-en-fiesta-del-libro-en-medellin/
49845,publish,Taller TDR de la OMS en Jaipur - India,2023-06-01 16:27:16,masteruni,3049,https://www.uniremington.edu.co/taller-tdr-de-la-oms-en-jaipur-india/
26130,publish,Talleres Uniremington de arte y cultura 2020 - Sede Medellín,2020-01-27 15:57:11,webcreativa,10286,https://www.uniremington.edu.co/talleres-uniremington-de-arte-y-cultura-2020-sede-medellin/
40171,publish,"Tengo derechos, aún privado de la libertad",2021-07-27 22:39:48,masteruni,6654,https://www.uniremington.edu.co/tengo-derechos-aun-privado-de-la-libertad/
47864,publish,Todo un éxito la Semana del Intraemprendimiento,2022-11-22 14:24:59,masteruni,6594,https://www.uniremington.edu.co/uniremington-desarrollo-con-exito-la-semana-del-intraemprendimiento-y-emprendimiento/
47858,publish,Tuberculosis y métodos de investigación para su control,2022-11-22 13:04:11,masteruni,4675,https://www.uniremington.edu.co/tuberculosis-y-metodos-de-investigacion-para-su-control/
27862,publish,Tus libros favoritos a un solo clic – Capacitación virtual,2020-04-01 15:21:09,masteruni,1438,https://www.uniremington.edu.co/tus-libros-favoritos-a-un-solo-clic-capacitacion-virtual/
41257,publish,Tus prácticas en la Gobernación de Antioquia,2021-10-05 22:35:28,masteruni,6070,https://www.uniremington.edu.co/tus-practicas-en-la-gobernacion-de-antioquia/
26505,publish,Tutores Uniremington para el proceso educativo del 2020 -I,2020-02-18 21:02:38,webcreativa,2018,https://www.uniremington.edu.co/tutores-proceso-educativo-2020/
37163,publish,Ultracongelador para refrigerar vacunas contra la COVID-19,2021-02-13 22:44:28,masteruni,1898,https://www.uniremington.edu.co/uniremington-facilito-al-municipio-de-medellin-un-equipo-de-alta-tecnologia-para-refrigerar-40-mil-dosis-de-vacunas-contra-la-covid-19/
66810,publish,Un consultorio jurídico que impulsa el acceso a una justicia más inclusiva y humana,2025-11-26 18:01:45,acontreras,7342,https://www.uniremington.edu.co/un-consultorio-juridico-que-impulsa-el-acceso-a-una-justicia-mas-inclusiva-y-humana/
41197,publish,Un espacio para nuestros emprendedores,2021-09-28 21:56:39,masteruni,2785,https://www.uniremington.edu.co/un-espacio-para-nuestros-emprendedores/
56997,publish,Una agenda en movimiento - Planeación y ordenamiento territorial en contexto,2024-06-19 13:55:44,webcreativa,5888,https://www.uniremington.edu.co/planeacion-y-ordenamiento-territorial-en-contexto/
30547,draft,Una alternativa que suma… Crédito para educación COMFAMA,2020-06-04 16:45:34,masteruni,0,https://www.uniremington.edu.co/?p=30547
41358,publish,Una mirada a las problemáticas actuales,2021-10-07 20:59:53,masteruni,7931,https://www.uniremington.edu.co/una-mirada-a-las-problematicas-actuales/
33902,draft,Unidad de Emprendimiento Uniremington Manizales,2020-10-02 21:50:41,webcreativa,1528,https://www.uniremington.edu.co/?p=33902
46309,publish,Uniremington al parque en Santa Rosa de Osos,2022-09-02 13:55:04,masteruni,3236,https://www.uniremington.edu.co/uniremington-al-parque-en-santa-rosa-de-osos/
69561,publish,Uniremington amplía su oferta académica con nuevas maestrías,2026-04-17 17:09:21,acontreras,8535,https://www.uniremington.edu.co/uniremington-amplia-su-oferta-academica-con-nuevas-maestrias/
66965,publish,Uniremington amplía su portafolio académico con tres nuevos posgrados,2025-12-03 15:32:42,acontreras,10601,https://www.uniremington.edu.co/uniremington-lanza-tres-nuevos-posgrados/
66866,publish,Uniremington Apartadó organizó el desfile “Ilumina tu Navidad”,2025-11-27 22:13:06,acontreras,4091,https://www.uniremington.edu.co/uniremington-apartado-organizo-el-desfile-ilumina-tu-navidad/
69558,publish,Uniremington continúa fortaleciendo el vínculo entre la academia y el sector empresarial,2026-04-17 14:32:33,acontreras,6065,https://www.uniremington.edu.co/uniremington-continua-fortaleciendo-el-vinculo-entre-la-academia-y-el-sector-empresarial/
66419,publish,Uniremington continúa fortaleciendo su eje de investigación,2025-11-06 20:20:56,acontreras,6675,https://www.uniremington.edu.co/uniremington-continua-fortaleciendo-su-eje-de-investigacion/
28552,private,Uniremington en casa,2020-04-27 17:10:06,webcreativa,252,https://www.uniremington.edu.co/uniremington-en-casa/
33828,publish,Uniremington en evento virtual del Libro y la Cultura de Medellín,2020-09-30 20:26:50,masteruni,3029,https://www.uniremington.edu.co/evento-virtual-del-libro-y-la-cultura-de-medellin-uniremington-participa-en-muestra-comercial/
58255,draft,Uniremington en la Fiesta del libro en Medellín 2024,2024-08-28 13:49:17,webcreativa,11297,https://www.uniremington.edu.co/?p=58255
65644,publish,Uniremington entrega certificados del diplomado “Calidad en la Educación Superior”,2025-10-09 16:33:07,acontreras,4670,https://www.uniremington.edu.co/uniremington-entrega-certificados-del-diplomado-calidad-en-la-educacion-superior/
39832,publish,Uniremington firmó pacto con Corantioquia,2021-06-23 18:51:53,masteruni,3970,https://www.uniremington.edu.co/uniremington-firmo-pacto-con-corantioquia/
64574,publish,Uniremington fomenta el uso de la lengua de señas,2025-09-01 16:42:10,acontreras,6784,https://www.uniremington.edu.co/uniremington-fomenta-el-uso-de-la-lengua-de-senas/
44081,publish,Uniremington fomenta las prácticas seguras,2022-05-13 16:47:09,masteruni,4994,https://www.uniremington.edu.co/uniremington-fomenta-las-practicas-seguras/
69525,publish,Uniremington graduó nuevos profesionales al servicio de la sociedad,2026-04-15 20:26:35,acontreras,7109,https://www.uniremington.edu.co/uniremington-graduo-nuevos-profesionales-al-servicio-de-la-sociedad/
22812,publish,Uniremington hace parte de la 13.ª Fiesta del Libro y la Cultura de Medellín - 2019,2019-08-23 19:30:54,webcreativa,5227,https://www.uniremington.edu.co/uniremington-participara-en-la-13-a-fiesta-del-libro-y-la-cultura-de-medellin/
48743,publish,Uniremington hace parte de la Junta Directiva de Aseuc,2023-02-28 13:03:36,masteruni,3948,https://www.uniremington.edu.co/uniremington-hace-parte-de-la-junta-directiva-de-aseuc/
41534,publish,Uniremington hace parte de RedCol,2021-10-21 22:16:24,masteruni,6155,https://www.uniremington.edu.co/uniremington-hace-parte-de-redcol/
69551,publish,Uniremington Ibagué presentó oficialmente el Consultorio Jurídico Púrpura,2026-04-17 12:39:29,acontreras,5867,https://www.uniremington.edu.co/uniremington-ibague-presento-oficialmente-el-consultorio-juridico-purpura/
17562,publish,"Uniremington Ibagué, inmersión hacia la segunda lengua",2019-05-30 15:09:45,webcreativa,3123,https://www.uniremington.edu.co/uniremington-ibague-inmersion-hacia-la-segunda-lengua/
47623,publish,Uniremington incorpora a Coink para fomentar el ahorro,2022-11-03 16:43:50,masteruni,6124,https://www.uniremington.edu.co/uniremington-incorpora-a-coink-para-fomentar-el-ahorro/
22503,publish,Uniremington le apunta a la proyección social,2019-08-13 20:58:28,webcreativa,1531,https://www.uniremington.edu.co/uniremington-le-apunta-a-la-proyeccion-social/
66273,publish,Uniremington Montería galardonada por su compromiso socioambiental,2025-10-24 20:57:06,acontreras,5845,https://www.uniremington.edu.co/uniremington-monteria-galardonada-por-su-compromiso-socioambiental/
39877,publish,Uniremington participará de la Conciliatón Nacional 2021,2021-06-24 16:29:34,masteruni,6071,https://www.uniremington.edu.co/uniremington-participara-de-la-conciliaton-nacional-2021/
42936,publish,Uniremington participó en el Wacombate,2022-03-02 22:21:42,masteruni,6682,https://www.uniremington.edu.co/uniremington-participo-en-el-wacombate/
64713,publish,Uniremington participó en Global Ed. PUCP 2025,2025-09-04 21:03:36,acontreras,4508,https://www.uniremington.edu.co/uniremington-participo-en-global-ed-pucp/
43831,draft,Uniremington presenta a su Rectora,2022-05-02 21:47:48,masteruni,7298,https://www.uniremington.edu.co/?p=43831
41922,publish,Uniremington presenta nuevo número de la RHS,2021-11-23 19:33:44,masteruni,9873,https://www.uniremington.edu.co/el-fer-presenta-nuevo-numero-de-la-rhs/
55933,publish,Uniremington presentó su balance de 2023,2024-04-16 13:16:35,webcreativa,6942,https://www.uniremington.edu.co/rendicion-de-cuentas-2023/
66224,publish,Uniremington promueve el bienestar de la salud mental en su entorno universitario,2025-10-24 12:35:05,acontreras,5656,https://www.uniremington.edu.co/uniremington-promueve-el-bienestar-de-la-salud-mental/
47128,publish,Uniremington Quibdó abre curso de inglés,2022-10-07 13:50:45,masteruni,4997,https://www.uniremington.edu.co/uniremington-quibdo-abre-curso-de-ingles/
69143,publish,Uniremington realizó reconocimiento a profesores investigadores,2026-03-19 19:59:43,masteruni,5878,https://www.uniremington.edu.co/uniremington-realizo-reconocimiento-a-profesores-investigadores/
55745,publish,Uniremington realizó su primera feria de empleabilidad,2024-04-04 16:12:59,webcreativa,4029,https://www.uniremington.edu.co/uniremington-realizo-su-primera-feria-de-empleabilidad/
38232,publish,Uniremington recibe distinción de Acofi,2021-03-26 14:00:02,masteruni,2446,https://www.uniremington.edu.co/uniremington-recibe-distincion-de-acofi/
48167,publish,Uniremington recibe el Sello Ecouniversidad 2022,2022-12-16 14:00:10,masteruni,4795,https://www.uniremington.edu.co/uniremington-recibe-el-sello-ecouniversidad-2022/
39984,publish,Uniremington retorna a clases presenciales,2021-07-01 20:45:20,masteruni,667,https://www.uniremington.edu.co/uniremington-retorna-a-clases-presenciales/
56088,publish,Uniremington rindió homenaje a secretarias y auxiliares administrativos,2024-04-30 15:10:16,webcreativa,5075,https://www.uniremington.edu.co/uniremington-rindio-homenaje-a-secretarias-y-auxiliares-administrativos/
44234,draft,Uniremington rindió homenaje a sus docentes,2022-05-19 17:00:24,masteruni,13159,https://www.uniremington.edu.co/?p=44234
12655,publish,"Uniremington saluda a sus estudiantes, docentes y empleados!",2019-01-24 15:11:52,webcreativa,3061,https://www.uniremington.edu.co/saludo-de-bienvenida-2019/
66404,publish,Uniremington se destacó en congreso latinoamericano sobre derecho e IA,2025-11-06 16:06:50,acontreras,6593,https://www.uniremington.edu.co/uniremington-se-destaco-en-congreso-latinoamericano-sobre-derecho-e-ia/
41264,publish,Uniremington soy yo,2021-10-04 14:54:39,masteruni,5663,https://www.uniremington.edu.co/uniremington-soy-yo/
48799,publish,Uniremington sube en el ranking de la investigación,2023-03-06 13:05:29,masteruni,5223,https://www.uniremington.edu.co/uniremington-sube-en-el-ranking-de-la-investigacion/
25340,publish,Uniremington Torneo Fútbol Playa,2019-11-07 14:58:42,webcreativa,1276,https://www.uniremington.edu.co/uniremington-tumaco/
27720,publish,Urgencias Veterinarias,2020-03-27 21:55:29,webcreativa,1607,https://www.uniremington.edu.co/urgencias-veterinarias/
38561,publish,Vacacionales de inglés,2021-04-15 15:12:43,masteruni,3573,https://www.uniremington.edu.co/vacacionales-de-ingles-monteria/
34103,publish,VI Seminario Internacional de Derecho Procesal,2020-10-09 21:38:59,masteruni,682,https://www.uniremington.edu.co/vi-seminario-internacional-de-derecho-procesal/
28714,publish,Videoconferencia La importancia de realizar un excelente trabajo de grado,2020-05-06 21:04:53,masteruni,2649,https://www.uniremington.edu.co/videoconferencia-la-importancia-de-realizar-un-excelente-trabajo-de-grado/
57406,publish,Virus silenciosos en gatos,2024-07-17 13:41:17,webcreativa,6148,https://www.uniremington.edu.co/virus-silenciosos-en-gatos/
68095,publish,Visibilidad internacional para proyectos de investigación de Uniremington,2026-02-06 19:36:58,acontreras,6294,https://www.uniremington.edu.co/visibilidad-internacional-para-proyectos-de-investigacion-de-uniremington/
59747,publish,Visión del Plan de Desarrollo Uniremington 2035,2024-10-31 16:09:44,webcreativa,6720,https://www.uniremington.edu.co/vision-del-plan-de-desarrollo-uniremington-2035/
43600,publish,Visión financiera en los emprendimientos,2022-04-19 22:09:29,masteruni,6553,https://www.uniremington.edu.co/vision-financiera-en-los-emprendimientos/
40901,publish,Visión internacional en el proceso de reactivación,2021-09-07 16:15:33,masteruni,5417,https://www.uniremington.edu.co/vision-internacional-en-el-proceso-de-reactivacion/
51480,publish,Vive la fiesta del libro en Medellín,2023-08-30 20:03:32,masteruni,8905,https://www.uniremington.edu.co/vive-la-fiesta-del-libro-en-medellin/
38632,publish,Voluntarios de Uniremington en equipo por la salud,2021-04-22 21:57:50,masteruni,2873,https://www.uniremington.edu.co/voluntarios-de-uniremington-en-equipo-por-la-salud/
38821,publish,Vuelve: Reconoce tus derechos,2021-05-07 20:23:40,masteruni,4702,https://www.uniremington.edu.co/vuelve-reconoce-tus-derechos/
46359,publish,Workshop sobre procesos de exportación y régimen franco,2022-09-06 16:34:23,masteruni,4545,https://www.uniremington.edu.co/workshop-sobre-procesos-de-exportacion-y-regimen-franco/
46323,publish,Workshop sobre productos agropecuarios,2022-09-02 15:27:17,masteruni,6838,https://www.uniremington.edu.co/workshop-sobre-productos-agropecuarios/
32692,publish,XII encuentro departamental de Semilleros,2020-09-03 15:16:08,webcreativa,1883,https://www.uniremington.edu.co/xii-encuentro-departamental-de-semilleros/
22200,publish,"XXXV Simposio sobre Revisoría fiscal, el foro de los contadores.",2019-07-27 19:06:05,webcreativa,3895,https://www.uniremington.edu.co/xxxv-simposio-sobre-revisoria-fiscal-el-foro-de-la-contaduria-publica-en-manizales/
31636,draft,YTUTYUTY,2020-07-09 15:40:24,webcreativa,0,https://www.uniremington.edu.co/?p=31636
33889,draft,¡Avanzamos hacia la acreditación de alta calidad!,2020-10-05 15:44:48,masteruni,1435,https://www.uniremington.edu.co/?p=33889
13126,publish,¡El futuro está lleno de profesionales como tú!,2019-01-31 15:50:58,webcreativa,7443,https://www.uniremington.edu.co/el-futuro-esta-lleno-de-profesionales-como-tu/
17731,publish,¡Feliz día maestros! Gracias por enseñar con el corazón,2019-05-31 20:32:27,webcreativa,1567,https://www.uniremington.edu.co/feliz-dia-maestros/
58001,draft,¡Futuros profesionales de Uniremington!,2024-08-13 19:02:41,webcreativa,4949,https://www.uniremington.edu.co/?p=58001
21704,publish,¡Haz parte del directorio de egresados emprendedores Uniremington!,2019-07-18 15:25:51,webcreativa,1295,https://www.uniremington.edu.co/haz-parte-del-directorio-de-egresados-emprendedores-uniremington/
38499,draft,¡Postúlate a prácticas en la FLA!,2021-04-12 14:37:24,masteruni,4064,https://www.uniremington.edu.co/?p=38499
38494,publish,¡Postúlate para una beca!,2021-04-13 13:07:36,masteruni,3825,https://www.uniremington.edu.co/postulate-para-una-beca/
27065,publish,¿Cómo prevenir enfermedades respiratorias como el coronavirus?,2020-03-05 20:14:26,masteruni,2084,https://www.uniremington.edu.co/como-prevenir-enfermedades-respiratorias-como-el-coronavirus/
38734,publish,¿Desean formalizar su relación de pareja sin casarse?,2021-04-27 22:27:26,masteruni,4822,https://www.uniremington.edu.co/desean-formalizar-su-relacion-de-pareja-sin-casarse/
43559,publish,¿Vives en Sincelejo o en algún municipio del departamento de Sucre?,2022-04-08 22:53:22,masteruni,1393,https://www.uniremington.edu.co/vives-en-sincelejo-o-en-algun-municipio-del-departamento-de-sucre/
70021,publish,“Armonías para la paz” y Uniremington Ibagué iniciaron su proyecto de integración social,2026-05-21 12:47:36,acontreras,6304,https://www.uniremington.edu.co/armonias-para-la-paz-y-uniremington-ibague-iniciaron-su-proyecto-de-integracion-social/
39281,publish,“Impulsatón”: nueva alternativa que ofrece el Icetex,2021-05-20 22:20:28,masteruni,3243,https://www.uniremington.edu.co/impulsaton-nueva-alternativa-que-ofrece-el-icetex/
64591,publish,“La manta se seguirá tejiendo…”,2025-09-01 17:58:53,acontreras,6556,https://www.uniremington.edu.co/la-manta-se-seguira-tejiendo/
39277,publish,“Para leer y escribir juntos un diario de palabras”,2021-05-20 21:43:57,masteruni,4396,https://www.uniremington.edu.co/para-leer-y-escribir-juntos-un-diario-de-palabras/
66989,publish,"“Remi”, personaje 3D, se destacó en Comic Con Medellín 2025",2025-12-03 21:49:53,acontreras,5711,https://www.uniremington.edu.co/remi-personaje-3d-se-destaco-en-comic-con-medellin-2025/
