post_id,status,title,date,author,content_chars,link
34946,draft,,2020-11-10 19:49:27,masteruni,40,https://www.uniremington.edu.co/?post_type=tribe_events&p=34946
50072,draft,,2023-06-15 21:28:00,masteruni,0,https://www.uniremington.edu.co/?post_type=tribe_events&p=50072
27715,draft,..,2020-03-27 19:51:52,webcreativa,0,https://www.uniremington.edu.co/?post_type=tribe_events&p=27715
68986,publish,2.° Simposio de Ginecología y Obstetricia,2026-03-16 15:20:04,acontreras,11202,https://www.uniremington.edu.co/evento/2-simposio-de-ginecologia-y-obstetricia/
38765,publish,30 años de la Constitución Política colombiana,2021-05-10 16:55:04,masteruni,5568,https://www.uniremington.edu.co/evento/30-anos-de-la-constitucion-politica-colombiana/
28767,publish,6to. Congreso Internacional - Virtual,2020-06-23 16:32:29,webcreativa,5060,https://www.uniremington.edu.co/evento/6to-congreso-internacional-virtual/
68684,publish,"<i>Open Day</i> - Adaptabilidad, el nuevo superpoder",2026-03-18 12:39:46,acontreras,5567,https://www.uniremington.edu.co/evento/open-day-adaptabilidad-el-nuevo-superpoder/
68708,publish,<i>Open Day</i> - Gestión del conocimiento e innovación en salud,2026-03-04 21:46:56,acontreras,5665,https://www.uniremington.edu.co/evento/open-day-gestion-del-conocimiento-e-innovacion-en-salud/
68747,publish,<i>Open Day</i> - Maestría en Clínica y Cirugía Veterinaria,2026-03-25 13:51:09,acontreras,19195,https://www.uniremington.edu.co/evento/open-day-maestria-en-clinica-y-cirugia-veterinaria/
43361,draft,Académicos Uniremington en revistas Q1,2022-04-01 17:00:29,masteruni,6595,https://www.uniremington.edu.co/?post_type=tribe_events&p=43361
34300,publish,Accidentes con animales venenosos y ponzoñosos,2020-10-21 13:42:35,masteruni,8718,https://www.uniremington.edu.co/evento/accidentes-con-animales-venenosos-y-ponzonosos/
31745,publish,Acerca de la salud intestinal de los animales,2020-07-17 15:05:32,webcreativa,2911,https://www.uniremington.edu.co/evento/acerca-de-la-salud-intestinal-de-los-animales/
37892,publish,Acertada aplicación de las NIIF,2021-03-15 22:52:15,masteruni,4526,https://www.uniremington.edu.co/evento/acertada-aplicacion-de-las-niif/
64776,publish,Actividades en la Semana Remington 2025,2025-09-15 15:15:31,acontreras,5042,https://www.uniremington.edu.co/evento/actividades-en-la-semana-remington-2025/
43876,publish,Actividades orientadas a los maestros,2022-05-04 19:51:58,masteruni,8797,https://www.uniremington.edu.co/evento/actividades-orientadas-a-los-maestros/
62614,publish,Actualizaciones en Salud Uniremington,2025-03-10 15:05:58,webcreativa,3011,https://www.uniremington.edu.co/evento/actualizaciones-en-salud-uniremington/
43237,publish,Actualización de temáticas contables,2022-03-28 15:42:50,masteruni,6526,https://www.uniremington.edu.co/evento/actualizacion-de-tematicas-contables/
40434,publish,Actualización empresarial,2021-08-10 14:16:06,masteruni,5340,https://www.uniremington.edu.co/evento/actualizacion-empresarial/
43127,publish,Actualización en pediatría,2022-03-11 20:58:32,masteruni,8803,https://www.uniremington.edu.co/evento/actualizacion-en-pediatria/
58014,publish,Actualización jurídica,2024-08-13 21:30:53,webcreativa,3279,https://www.uniremington.edu.co/evento/actualizacion-juridica/
21903,draft,Actualización Régimen cambiario Colombiano,2019-07-22 21:11:01,webcreativa,2318,https://www.uniremington.edu.co/?post_type=tribe_events&p=21903
39155,publish,Actualización sobre bienestar animal,2021-05-18 14:38:48,masteruni,3262,https://www.uniremington.edu.co/evento/actualizacion-sobre-bienestar-animal/
42887,publish,Adopción de animales de compañía,2022-02-28 14:04:07,masteruni,2516,https://www.uniremington.edu.co/evento/adopcion-de-animales-de-compania/
38244,draft,Advising Program Uniremington,2021-03-19 22:00:57,masteruni,0,https://www.uniremington.edu.co/?post_type=tribe_events&p=38244
39373,publish,Afianza tus destrezas en Photoshop,2021-05-25 14:00:58,masteruni,4017,https://www.uniremington.edu.co/evento/afianza-tus-destrezas-en-photoshop/
62340,publish,Afrontando desafíos ambientales,2025-02-25 14:31:04,webcreativa,6041,https://www.uniremington.edu.co/evento/afrontando-desafios-ambientales/
40230,publish,Alimentos saludables y amigables con el medioambiente,2021-07-28 21:49:40,masteruni,5727,https://www.uniremington.edu.co/evento/alimentos-saludables-y-amigables-con-el-medioambiente/
30869,publish,Alivio para las mascotas en casa,2020-06-12 15:46:11,webcreativa,2870,https://www.uniremington.edu.co/evento/alivio-para-las-mascotas-en-casa/
41435,publish,Alternativas de resolución de conflictos,2021-10-12 20:26:43,masteruni,4528,https://www.uniremington.edu.co/evento/alternativas-de-resolucion-de-conflictos/
40689,publish,Ampliación al derecho de una muerte digna,2021-08-25 16:16:10,masteruni,8352,https://www.uniremington.edu.co/evento/ampliacion-al-derecho-de-una-muerte-digna/
43495,publish,Analiza e interpreta información financiera,2022-04-07 15:37:58,masteruni,6233,https://www.uniremington.edu.co/evento/analiza-e-interpreta-informacion-financiera/
37457,publish,Antibioticoterapia en aparato respiratorio,2021-02-26 20:13:47,masteruni,4753,https://www.uniremington.edu.co/evento/antibioticoterapia-en-aparato-respiratorio/
45765,publish,Análisis de datos a través de Power BI,2022-08-01 12:45:02,masteruni,6270,https://www.uniremington.edu.co/evento/analisis-de-datos-a-traves-de-power-bi/
38235,publish,Análisis de información con técnicas de minería de datos,2021-03-26 13:42:09,masteruni,4827,https://www.uniremington.edu.co/evento/analisis-de-informacion-con-tecnicas-de-mineria-de-datos/
39243,draft,Análisis de la realidad crítica de Colombia,2021-05-19 22:19:53,masteruni,4282,https://www.uniremington.edu.co/?post_type=tribe_events&p=39243
39288,publish,Análisis de la realidad crítica de Colombia,2021-05-21 17:05:13,masteruni,4544,https://www.uniremington.edu.co/evento/analisis-de-la-realidad-critica-de-colombia-2/
31738,publish,Apertura del EACTEC 2020 - Evento sobre ingeniería civil en seis módulos,2020-07-22 14:45:59,webcreativa,5875,https://www.uniremington.edu.co/evento/apertura-del-eactec-2020-evento-sobre-ingenieria-civil-en-seis-modulos/
41991,publish,Aplicación de herramientas empresariales,2021-12-02 22:34:07,masteruni,7517,https://www.uniremington.edu.co/evento/aplicacion-de-herramientas-empresariales/
45363,publish,Aplicación de las matemáticas financieras,2022-07-05 15:27:21,masteruni,7127,https://www.uniremington.edu.co/evento/aplicacion-de-las-matematicas-financieras/
37753,publish,Aplicación técnica de las NAI,2021-03-09 14:48:19,masteruni,4495,https://www.uniremington.edu.co/evento/aplicacion-tecnica-de-las-nai/
42107,publish,Aprende a elaborar tu proyecto de vida,2021-12-17 19:28:16,masteruni,6312,https://www.uniremington.edu.co/evento/aprende-a-elaborar-tu-proyecto-de-vida/
37479,publish,Aprende a manejar las opciones de Excel,2021-03-01 16:37:29,masteruni,6295,https://www.uniremington.edu.co/evento/aprende-a-manejar-las-opciones-de-excel/
32882,publish,Aprende o fortalece tus conocimientos de Excel básico,2020-09-07 15:17:34,webcreativa,4026,https://www.uniremington.edu.co/evento/aprende-o-fortalece-tus-conocimientos-de-excel-basico/
38365,draft,Aprender a invertir en la Bolsa,2021-03-26 21:24:27,masteruni,5167,https://www.uniremington.edu.co/?post_type=tribe_events&p=38365
21329,draft,Aquí va el titulo de nuestro evento,2019-07-11 21:57:56,webcreativa,299,https://www.uniremington.edu.co/?post_type=tribe_events&p=21329
34647,publish,Asesoría de crédito del Icetex,2020-10-27 14:38:10,masteruni,3448,https://www.uniremington.edu.co/evento/asesoria-de-credito-del-icetex/
34910,publish,Asesoría virtual Créditos condonables ICETEX,2020-11-10 19:58:49,masteruni,3031,https://www.uniremington.edu.co/evento/asesoria-virtual-creditos-condonables-icetex/
37283,draft,Asesorías académicas estudiantiles – 2021,2021-02-17 22:27:07,masteruni,7710,https://www.uniremington.edu.co/?post_type=tribe_events&p=37283
35355,publish,Asesorías sobre salud sexual y reproductiva,2020-11-25 19:21:46,masteruni,2677,https://www.uniremington.edu.co/evento/asesorias-sobre-salud-sexual-y-reproductiva/
36905,publish,Asesorías sobre salud sexual y reproductiva,2021-02-03 19:04:51,masteruni,2908,https://www.uniremington.edu.co/evento/asesorias-sobre-salud-sexual-y-reproductiva-2/
34412,draft,Asesorías virtuales Icetex,2020-10-22 14:59:57,masteruni,2406,https://www.uniremington.edu.co/?post_type=tribe_events&p=34412
34100,publish,Asesorías virtuales Icetex,2020-10-14 01:51:15,masteruni,2679,https://www.uniremington.edu.co/evento/asesorias-virtuales-icetex/
44089,publish,Atención de fauna silvestre,2022-05-16 14:02:05,masteruni,6991,https://www.uniremington.edu.co/evento/atencion-de-fauna-silvestre/
38838,draft,Atención del paciente urgente,2021-05-03 14:56:39,masteruni,5256,https://www.uniremington.edu.co/?post_type=tribe_events&p=38838
40641,publish,Atender las enfermedades digestivas del equino,2021-08-24 22:05:01,masteruni,8397,https://www.uniremington.edu.co/evento/atender-las-enfermedades-digestivas-del-equino/
41251,publish,Auditoría evaluando riesgos de una organización,2021-10-01 21:09:17,masteruni,4738,https://www.uniremington.edu.co/evento/auditoria-evaluando-riesgos-de-una-organizacion/
55890,publish,Auditoría interna en la era digital,2024-04-11 21:21:16,webcreativa,3311,https://www.uniremington.edu.co/evento/auditoria-interna-en-la-era-digital/
62365,publish,"Automatización, IA y la contaduría pública",2025-02-25 21:32:06,webcreativa,3201,https://www.uniremington.edu.co/evento/automatizacion-ia-y-la-contaduria-publica/
37551,publish,Avanza en el manejo de las opciones de Excel,2021-02-25 15:03:06,masteruni,6557,https://www.uniremington.edu.co/evento/avanza-en-el-manejo-de-las-opciones-de-excel/
40554,publish,Avanza en tu manejo del Excel,2021-08-18 16:22:30,masteruni,5439,https://www.uniremington.edu.co/evento/avanza-en-tu-manejo-del-excel/
42209,publish,Avanza en tu manejo del Excel,2022-01-17 16:00:27,masteruni,5746,https://www.uniremington.edu.co/evento/avanza-en-tu-manejo-del-excel-2/
33847,publish,Bienestar animal  Aplicación en la medicina veterinaria,2020-10-03 19:16:26,masteruni,11692,https://www.uniremington.edu.co/evento/bienestar-animal-aplicacion-en-la-medicina-veterinaria/
40624,draft,Bienestar Institucional piensa en ti,2021-08-23 20:20:03,masteruni,0,https://www.uniremington.edu.co/?post_type=tribe_events&p=40624
34753,draft,Biodiversidad y fauna,2020-11-09 20:59:28,masteruni,3807,https://www.uniremington.edu.co/?post_type=tribe_events&p=34753
37298,draft,Bolsa de Empleo Uniremington – Guía para empresas,2021-02-18 14:43:49,masteruni,2773,https://www.uniremington.edu.co/?post_type=tribe_events&p=37298
28574,draft,borrar,2020-04-28 19:14:55,webcreativa,0,https://www.uniremington.edu.co/?post_type=tribe_events&p=28574
28642,draft,borrar,2020-04-28 19:22:48,webcreativa,0,https://www.uniremington.edu.co/?post_type=tribe_events&p=28642
28521,draft,borrar,2020-04-30 14:06:14,masteruni,0,https://www.uniremington.edu.co/?post_type=tribe_events&p=28521
28557,private,borrar,2020-04-27 20:33:14,webcreativa,0,https://www.uniremington.edu.co/evento/borrar/
43678,publish,Calidad de vida de animales y personas,2022-04-26 21:06:43,masteruni,9566,https://www.uniremington.edu.co/evento/calidad-de-vida-de-animales-y-personas/
41726,draft,Candidatos definitivos a órganos colegiados Uniremington,2021-11-09 17:07:47,masteruni,4442,https://www.uniremington.edu.co/?post_type=tribe_events&p=41726
30834,publish,Capítulos del e-book Aprendizajes en tiempos de la covid-19,2020-06-30 16:07:20,masteruni,4241,https://www.uniremington.edu.co/evento/segundo-e-book-aprendizajes-en-tiempos-de-la-covid-19/
27090,publish,Catedral de Desarrollo Humano Sistema Lean Manufacturing,2020-03-06 19:57:42,webcreativa,1773,https://www.uniremington.edu.co/evento/catedral-de-desarrollo-humano-sistema-lean-manufacturing/
30287,publish,Celebración mensual de la Santa Eucaristía en Uniremington,2020-05-27 21:34:20,webcreativa,2524,https://www.uniremington.edu.co/evento/celebracion-mensual-de-la-santa-eucaristia-en-uniremington/
30372,publish,Charla Evolución y Avances en el Mejoramiento Genético Pocino,2020-06-01 22:40:08,masteruni,2049,https://www.uniremington.edu.co/evento/charla-evolucion-y-avances-en-el-mejoramiento-genetico-pocino/
26826,publish,Charla Sobre Planificación Familiar,2020-02-26 16:31:44,masteruni,2416,https://www.uniremington.edu.co/evento/charla-sobre-planificacion-familiar/
28051,publish,Charla virtual - Internacionalización: la oportunidad para su negocio,2020-04-22 15:23:18,masteruni,3512,https://www.uniremington.edu.co/evento/charla-virtual-internacionalizacion-la-oportunidad-para-su-negocio/
29069,publish,Charla virtual - Orientación frente a los créditos condonables del ICETEX,2020-05-06 20:25:29,webcreativa,3137,https://www.uniremington.edu.co/evento/charla-virtual-orientacion-frente-a-los-creditos-condonables-del-icetex/
28039,publish,Charla virtual - Webinar Estrategias empresariales en medio de una pandemia,2020-04-16 15:33:10,masteruni,2857,https://www.uniremington.edu.co/evento/charla-virtual-webinar-estrategias-empresariales-en-medio-de-una-pandemia/
30487,publish,Charla virtual Bienestar animal en tiempos de pandemia,2020-06-05 21:17:56,masteruni,3215,https://www.uniremington.edu.co/evento/charla-virtual-bienestar-animal-en-tiempos-de-pandemia/
28922,publish,Charla virtual Cómo se construyen las grandes marcas en tiempos de pandemia,2020-05-08 13:37:40,masteruni,3317,https://www.uniremington.edu.co/evento/charla-virtual-como-se-construyen-las-grandes-marcas-en-tiempos-de-pandemia/
30317,publish,Charla virtual La opción del marketing digital en la actualidad,2020-05-28 15:37:26,masteruni,2111,https://www.uniremington.edu.co/evento/charla-virtual-la-opcion-del-marketing-digital-en-la-actualidad/
28936,publish,Charla virtual Orientación frente a los créditos condonables del fondo Sapiencia – EPM,2020-05-06 20:37:21,masteruni,2591,https://www.uniremington.edu.co/evento/charla-virtual-orientacion-frente-a-los-creditos-condonables-del-fondo-sapiencia-epm/
28556,publish,Charla virtual ¿Qué es realmente la innovación?,2020-04-30 14:26:03,masteruni,3883,https://www.uniremington.edu.co/evento/charla-virtual-que-es-realmente-la-innovacion/
20321,publish,Charlas - ¡Conéctate con la U! - Medellín,2019-07-02 19:27:48,webcreativa,1969,https://www.uniremington.edu.co/evento/charlas-conectate-con-la-u-medellin/
20467,publish,Charlas - ¡Conéctate con la U! - Montería,2019-07-04 14:00:47,webcreativa,2325,https://www.uniremington.edu.co/evento/charlas-conectate-con-la-u-monteria/
30339,publish,Ciclo de conversatorios virtuales Gestión de las operaciones alimentarias,2020-06-04 15:05:32,masteruni,3567,https://www.uniremington.edu.co/evento/ciclo-de-conversatorios-virtuales-gestion-de-las-operaciones-alimentarias/
34735,publish,Ciclo El bienestar a tu alcance,2020-11-04 14:41:36,masteruni,2705,https://www.uniremington.edu.co/evento/ciclo-el-bienestar-a-tu-alcance/
37321,publish,Ciclo nacional de conferencias 2021,2021-02-22 16:23:38,masteruni,5232,https://www.uniremington.edu.co/evento/ciclo-nacional-de-conferencias-2021/
48501,publish,"Ciencia, tecnología e innovación en Colombia",2023-02-14 15:44:19,masteruni,4005,https://www.uniremington.edu.co/evento/ciencia-tecnologia-e-innovacion-en-colombia/
48541,publish,"Ciencia, tecnología e innovación en Colombia",2023-02-20 12:36:43,masteruni,4028,https://www.uniremington.edu.co/evento/ciencia-tecnologia-e-innovacion-en-colombia-2/
30663,publish,Ciencias Jurídicas y Políticas oferta cursos vacacionales,2020-06-09 13:35:45,masteruni,3222,https://www.uniremington.edu.co/evento/ciencias-juridicas-y-politicas-oferta-cursos-vacacionales/
54472,publish,Clubes extracurriculares para la práctica del inglés,2024-01-23 15:00:24,webcreativa,7953,https://www.uniremington.edu.co/evento/clubes-extracurriculares-para-la-practica-del-ingles/
37850,publish,Compartir de saberes de enfermería,2021-04-06 22:37:51,masteruni,4241,https://www.uniremington.edu.co/evento/compartir-de-saberes-de-enfermeria/
43662,publish,Competencias de liderazgo en Enfermería,2022-04-25 14:32:18,masteruni,7059,https://www.uniremington.edu.co/evento/competencias-de-liderazgo-en-enfermeria/
45372,publish,Competencias en proyectos,2022-07-05 18:24:07,masteruni,7101,https://www.uniremington.edu.co/evento/competencias-en-proyectos/
40380,publish,Competencias líquidas para generar el cambio,2021-08-05 19:59:17,masteruni,5929,https://www.uniremington.edu.co/evento/competencias-liquidas-para-generar-el-cambio/
41279,publish,Competencias para la inyectología,2021-10-05 16:49:16,masteruni,6244,https://www.uniremington.edu.co/evento/competencias-para-la-inyectologia/
41785,publish,Competitividad para posicionarse en el mercado,2021-11-16 15:57:32,masteruni,8449,https://www.uniremington.edu.co/evento/competitividad-para-posicionarse-en-el-mercado/
58316,publish,Compliance y responsabilidad fiscal,2024-09-18 14:32:59,webcreativa,6274,https://www.uniremington.edu.co/evento/compliance-y-responsabilidad-fiscal/
44001,publish,Composición de alimentos para animales de compañía,2022-05-10 21:18:50,masteruni,8106,https://www.uniremington.edu.co/evento/composicion-de-alimentos-para-animales-de-compania/
40986,publish,Conferencia  Poliméricos para eliminación de bacterias en hospitales,2021-09-17 15:04:22,masteruni,6154,https://www.uniremington.edu.co/evento/conferencia-polimericos-para-eliminacion-de-bacterias-en-hospitales/
28646,publish,Conferencia en educación financiera,2020-04-28 17:19:21,webcreativa,1818,https://www.uniremington.edu.co/evento/conferencia-en-educacion-financiera/
29702,publish,Conferencia magistral virtual,2020-05-08 21:38:39,masteruni,3322,https://www.uniremington.edu.co/evento/conferencia-magistral-virtual/
41674,publish,Conferencia Política pública de seguridad farmacéutica en Colombia,2021-11-02 19:05:16,masteruni,4306,https://www.uniremington.edu.co/evento/conferencia-politica-publica-de-seguridad-farmaceutica-en-colombia/
31427,publish,Conferencia sobre la programación móvil y la industria de las TI,2020-07-08 20:37:50,masteruni,3199,https://www.uniremington.edu.co/evento/conferencia-sobre-la-programacion-movil-y-la-industria-de-las-ti/
28929,publish,Conferencia virtual Los estados de emergencia y sus incidencias en la contratación estatal,2020-05-06 20:11:35,masteruni,3303,https://www.uniremington.edu.co/evento/conferencia-virtual-los-estados-de-emergencia-y-sus-incidencias-en-la-contratacion-estatal/
30560,publish,Conferencia virtual Registros de equinos en Colombia,2020-06-09 13:16:02,webcreativa,3574,https://www.uniremington.edu.co/evento/conferencia-virtual-registros-de-equinos-en-colombia/
38848,publish,Conferencias de actualización en oncología veterinaria,2021-05-04 14:50:53,masteruni,12938,https://www.uniremington.edu.co/evento/conferencias-de-actualizacion-en-oncologia-veterinaria/
28921,draft,Conferencias virtuales Retos y perfiles del profesional de la Enfermería,2020-05-05 14:10:29,masteruni,48,https://www.uniremington.edu.co/?post_type=tribe_events&p=28921
28852,publish,Conferencias virtuales Retos y perfiles del profesional de la Enfermería,2020-05-08 13:19:07,masteruni,2786,https://www.uniremington.edu.co/evento/conferencias-virtuales-retos-y-perfiles-del-profesional-de-la-enfermeria/
51958,publish,Congreso - Crimen Económico y Fraude Financiero y Contable,2023-09-26 14:23:32,webcreativa,1870,https://www.uniremington.edu.co/evento/congreso-crimen-economico-y-fraude-financiero-y-contable/
52006,publish,Congreso internacional - Tecnología con Sentido Humano,2023-09-27 22:13:00,webcreativa,2564,https://www.uniremington.edu.co/evento/congreso-internacional-tecnologia-con-sentido-humano/
37646,publish,Congreso Internacional de Ciencias Empresariales,2021-03-11 22:10:57,masteruni,8061,https://www.uniremington.edu.co/evento/congreso-internacional-de-ciencias-empresariales/
56014,publish,Congreso internacional de derecho y encuentro de semilleros de investigación,2024-04-24 14:47:10,webcreativa,11069,https://www.uniremington.edu.co/evento/congreso-derecho/
57638,publish,Congreso internacional de humanismo y sociedad,2024-07-30 19:25:37,webcreativa,4145,https://www.uniremington.edu.co/evento/congreso-humanismo-y-sociedad/
40502,publish,Conoce el mundo de las acciones en el mercado,2021-08-12 22:56:52,masteruni,5142,https://www.uniremington.edu.co/evento/conoce-el-mundo-de-las-acciones-en-el-mercado/
40576,publish,Conoce sobre finanzas y toma decisiones,2021-08-19 16:49:28,masteruni,4769,https://www.uniremington.edu.co/evento/conoce-sobre-finanzas-y-toma-decisiones/
41688,publish,Conocimiento en torno a la creatividad e inclusión,2021-11-04 18:57:44,masteruni,6266,https://www.uniremington.edu.co/evento/conocimiento-en-torno-a-la-creatividad-e-inclusion/
40302,publish,Conozcamos el mercado de valores,2021-08-03 15:19:31,masteruni,3534,https://www.uniremington.edu.co/evento/conozcamos-el-mercado-de-valores/
34999,draft,"Consejo Directivo, Académico y de Facultades de Uniremington Modificación del cronograma de elecciones",2020-11-11 19:00:50,masteruni,0,https://www.uniremington.edu.co/?post_type=tribe_events&p=34999
54783,draft,Contabilidad electrónica y fiscalización,2024-02-05 19:46:52,webcreativa,2618,https://www.uniremington.edu.co/?post_type=tribe_events&p=54783
62323,draft,Contaduría pública y excelencia,2025-02-25 12:35:27,webcreativa,8651,https://www.uniremington.edu.co/?post_type=tribe_events&p=62323
41225,publish,Control fiscal y disciplinario,2021-09-30 22:12:25,masteruni,11460,https://www.uniremington.edu.co/evento/control-fiscal-y-disciplinario/
27093,publish,Conversatorio Contable y Tributario - Uniremington Cúcuta,2020-03-10 13:48:01,webcreativa,2446,https://www.uniremington.edu.co/evento/conversatorio-contable-y-tributario-uniremington-cucuta/
58929,publish,Conversatorio Educación y competitividad,2024-09-30 13:06:34,webcreativa,11318,https://www.uniremington.edu.co/evento/conversatorio-educacion-y-competitividad/
30296,publish,"Conversatorio Huertas urbanas, desafíos y la seguridad alimentaria y nutricional",2020-05-27 21:28:01,masteruni,2491,https://www.uniremington.edu.co/evento/conversatorio-huertas-urbanas-desafios-y-la-seguridad-alimentaria-y-nutricional/
68470,publish,Conversatorio sobre el nuevo contador público,2026-02-24 16:18:54,acontreras,7385,https://www.uniremington.edu.co/evento/conversatorio-sobre-el-nuevo-contador-publico/
35375,publish,Convocatoria - Elección de monitor académico,2020-11-27 20:35:31,masteruni,2887,https://www.uniremington.edu.co/evento/convocatoria-eleccion-de-monitor-academico/
28074,publish,Convocatoria - Prácticas universitarias en EPM,2020-04-16 15:53:08,masteruni,2273,https://www.uniremington.edu.co/evento/convocatoria-practicas-universitarias-en-epm/
33622,publish,Convocatoria a concursos,2020-09-22 13:22:52,masteruni,2633,https://www.uniremington.edu.co/evento/convocatoria-a-concursos/
38127,publish,Convocatorias de Prácticas de Excelencia y Específica,2021-03-19 19:46:05,masteruni,355,https://www.uniremington.edu.co/evento/convocatorias-de-practicas-de-excelencia-y-especifica/
70524,publish,CosmogonIA - Habitando la curiosidad,2026-07-03 13:52:11,acontreras,16862,https://www.uniremington.edu.co/evento/cosmogonia-habitando-la-curiosidad/
38865,publish,Creación de personajes digitales,2021-05-20 13:16:57,masteruni,5857,https://www.uniremington.edu.co/evento/creacion-de-personajes-digitales/
38281,publish,Criterios esenciales para una auditoría forense,2021-03-24 13:55:49,masteruni,4936,https://www.uniremington.edu.co/evento/criterios-esenciales-para-una-auditoria-forense/
35557,publish,Créditos condonables del ICETEX,2020-12-03 19:27:35,masteruni,2690,https://www.uniremington.edu.co/evento/creditos-condonables-del-icetex/
35121,draft,Créditos condonables para financiar tu pregrado,2020-11-12 16:06:27,masteruni,3914,https://www.uniremington.edu.co/?post_type=tribe_events&p=35121
34821,publish,Créditos condonables para financiar tu pregrado,2020-11-09 20:43:20,masteruni,4540,https://www.uniremington.edu.co/evento/creditos-condonables-para-financiar-tu-pregrado/
32347,draft,Créditos Icetex para posgrados,2020-08-13 22:30:34,masteruni,2350,https://www.uniremington.edu.co/?post_type=tribe_events&p=32347
32831,publish,Cuarto módulo - Geotecnia,2020-09-07 19:57:09,webcreativa,5997,https://www.uniremington.edu.co/evento/cuarto-modulo-geotecnia/
40685,publish,Cuidado y preparación del caballo,2021-08-24 22:57:39,masteruni,5049,https://www.uniremington.edu.co/evento/cuidado-y-preparacion-del-caballo/
43929,draft,Cumplimiento de condiciones de calidad institucionales,2022-05-06 19:01:49,masteruni,0,https://www.uniremington.edu.co/?post_type=tribe_events&p=43929
22130,draft,Curso - Evaluación financiera de proyectos,2019-07-26 13:34:04,webcreativa,2482,https://www.uniremington.edu.co/?post_type=tribe_events&p=22130
27343,draft,Curso - Fotografía digital para aficionados,2020-03-17 21:57:53,masteruni,3673,https://www.uniremington.edu.co/?post_type=tribe_events&p=27343
45165,publish,Curso - Impuesto de renta persona natural,2022-06-21 14:22:11,masteruni,6965,https://www.uniremington.edu.co/evento/impuesto-de-renta-e-insumos-contables/
45616,publish,Curso - Más allá de un accidente de trabajo,2022-07-25 13:29:07,masteruni,6680,https://www.uniremington.edu.co/evento/curso-relacionado-con-el-sistema-de-seguridad-y-salud-en-el-trabajo/
26998,publish,CURSO CAPITAL DE TRABAJO,2020-03-04 19:10:43,webcreativa,3590,https://www.uniremington.edu.co/evento/curso-capital-de-trabajo/
27235,draft,Curso de Excel básico,2020-03-13 15:21:28,masteruni,3795,https://www.uniremington.edu.co/?post_type=tribe_events&p=27235
25829,draft,Curso de Excel Básico - Presencial,2020-01-16 20:39:37,webcreativa,2988,https://www.uniremington.edu.co/?post_type=tribe_events&p=25829
25836,publish,Curso de Excel Intermedio - Virtual,2020-01-16 21:20:31,webcreativa,2881,https://www.uniremington.edu.co/evento/curso-de-excel-intermedio-virtual/
25843,publish,Curso de Excel Intermedio – Presencial,2020-01-17 14:50:28,webcreativa,2906,https://www.uniremington.edu.co/evento/curso-de-excel-intermedio-presencial/
25823,publish,Curso de Formulación y Preparación de Proyectos,2020-01-16 20:14:06,webcreativa,3119,https://www.uniremington.edu.co/evento/curso-de-formulacion-y-preparacion-de-proyectos/
25815,publish,Curso de inglés básico empresarial,2020-01-16 19:37:38,webcreativa,3450,https://www.uniremington.edu.co/evento/curso-de-ingles-basico-empresarial/
22444,draft,Curso de inyectología,2019-08-09 21:20:30,webcreativa,2229,https://www.uniremington.edu.co/?post_type=tribe_events&p=22444
27109,draft,Curso de Inyectología,2020-03-11 20:49:29,webcreativa,2506,https://www.uniremington.edu.co/?post_type=tribe_events&p=27109
22476,draft,Curso de Marketing Digital,2019-08-13 14:01:34,webcreativa,2174,https://www.uniremington.edu.co/?post_type=tribe_events&p=22476
27453,publish,Curso de Matemáticas Financieras Fac Empresariales 2020 I,2020-04-17 22:51:51,masteruni,3619,https://www.uniremington.edu.co/evento/curso-de-matematicas-financieras-fac-empresariales-2020-i/
26720,publish,Curso de Servicio al Cliente,2020-02-24 14:11:22,masteruni,3926,https://www.uniremington.edu.co/evento/curso-de-servicio-al-cliente/
22569,draft,Curso Excel Intermedio,2019-08-16 20:35:05,webcreativa,2193,https://www.uniremington.edu.co/?post_type=tribe_events&p=22569
33583,draft,Curso virtual  Photoshop a tu alcance,2020-09-17 22:43:49,masteruni,4420,https://www.uniremington.edu.co/?post_type=tribe_events&p=33583
23016,draft,Curso Virtual - Design Thinking,2019-09-03 20:56:53,webcreativa,3581,https://www.uniremington.edu.co/?post_type=tribe_events&p=23016
27324,publish,Curso Virtual - Excel intermedio,2020-04-17 19:12:18,masteruni,4202,https://www.uniremington.edu.co/evento/curso-virtual-excel-intermedio/
22189,draft,Curso virtual - Finanzas personales,2019-07-26 15:12:47,webcreativa,948,https://www.uniremington.edu.co/?post_type=tribe_events&p=22189
22302,draft,Curso Virtual - Formulación de proyectos,2019-07-30 22:55:33,webcreativa,2213,https://www.uniremington.edu.co/?post_type=tribe_events&p=22302
24671,publish,Curso virtual - Indicadores de gestión,2019-10-11 14:06:38,webcreativa,2923,https://www.uniremington.edu.co/evento/curso-virtual-indicadores-de-gestion/
27479,publish,Curso virtual de Finanzas básicas para no financieros,2020-03-31 22:08:07,masteruni,3735,https://www.uniremington.edu.co/evento/curso-virtual-de-finanzas-basicas-para-no-financieros/
28186,publish,Curso Virtual evaluación financiera de proyectos,2020-04-17 15:42:49,masteruni,3348,https://www.uniremington.edu.co/evento/curso-virtual-evaluacion-financiera-de-proyectos/
27188,publish,Curso Virtual Indicadores de Gestión,2020-03-11 22:44:30,masteruni,3369,https://www.uniremington.edu.co/evento/curso-virtual-indicadores-de-gestion-2020/
28212,publish,Curso virtual Inteligencia emocional,2020-04-28 19:23:14,masteruni,3625,https://www.uniremington.edu.co/evento/curso-virtual-inteligencia-emocional/
25791,publish,Curso virtual logística internacional,2020-01-16 15:15:04,webcreativa,2693,https://www.uniremington.edu.co/evento/curso-virtual-logistica-internacional/
28401,publish,Curso virtual Técnicas de gestión de personal para no psicólogos,2020-04-23 21:05:18,masteruni,5381,https://www.uniremington.edu.co/evento/curso-virtual-tecnicas-de-gestion-de-personal-para-no-psicologos/
22559,private,Curso Virtual: Emprendimiento y Emprendedores,2019-08-16 20:01:36,webcreativa,2031,https://www.uniremington.edu.co/evento/curso-virtual-emprendimiento-y-emprendedores/
20916,publish,Curso – Excel básico,2019-07-08 22:36:55,webcreativa,2416,https://www.uniremington.edu.co/evento/curso-excel-basico/
23525,publish,Curso: Coaching Ejecutivo para gestión del talento humano,2019-09-26 14:44:17,webcreativa,3072,https://www.uniremington.edu.co/evento/curso-counching-ejecutivo-para-gestion-del-talento-humano/
23532,publish,Curso: Excel Intermedio,2019-09-26 14:58:01,webcreativa,2444,https://www.uniremington.edu.co/evento/curso-excel-intermedio-2019/
23486,private,Curso: Marketing Digital,2019-09-25 16:50:15,webcreativa,2561,https://www.uniremington.edu.co/evento/curso-marketing-digital/
29117,publish,Cursos Vacacionales de inglés - Sede Medellín,2020-05-13 22:49:14,webcreativa,3547,https://www.uniremington.edu.co/evento/cursos-vacacionales-de-ingles/
35542,publish,Cursos vacacionales de la Dirección de Humanidades,2020-12-03 16:24:29,masteruni,5296,https://www.uniremington.edu.co/evento/cursos-vacacionales-de-la-direccion-de-humanidades/
30603,publish,Cursos vacacionales empresariales,2020-06-10 20:35:24,masteruni,4099,https://www.uniremington.edu.co/evento/cursos-vacacionales-empresariales/
24665,publish,Cursos vacacionales Uniremington de inglés 2019-2,2019-10-10 21:44:03,webcreativa,1948,https://www.uniremington.edu.co/evento/cursos-vacacionales-uniremington-de-ingles-2019-2/
33680,publish,Cátedra de Desarrollo Humano,2020-09-24 16:29:27,masteruni,3341,https://www.uniremington.edu.co/evento/catedra-de-desarrollo-humano/
33016,publish,"Cátedra de Desarrollo Humano Relaciones salud, enfermedad y muerte",2020-09-28 16:45:47,webcreativa,2918,https://www.uniremington.edu.co/evento/catedra-de-desarrollo-humano-relaciones-salud-enfermedad-y-muerte/
46561,publish,Cátedra sobre educación financiera,2022-09-16 14:13:40,masteruni,6177,https://www.uniremington.edu.co/evento/catedra-sobre-educacion-financiera/
38513,draft,Cátedra veterinaria en el campo porcino,2021-04-12 21:53:02,masteruni,4386,https://www.uniremington.edu.co/?post_type=tribe_events&p=38513
22548,private,"De convenciones, politicas y oportunidades para hacer frente al cambio climatico",2019-08-16 19:24:06,webcreativa,1733,https://www.uniremington.edu.co/evento/de-convenciones-politicas-y-oportunidades-para-hacer-frente-al-cambio-climatico/
31981,publish,Declaración de renta 2019,2020-07-29 16:39:06,masteruni,4248,https://www.uniremington.edu.co/evento/declaracion-de-renta-2019/
26611,publish,Declaración De Renta De Persona Jurídica,2020-02-20 14:20:00,masteruni,3040,https://www.uniremington.edu.co/evento/declaracion-de-renta-de-persona-juridica/
21105,publish,Declaración del impuesto de Renta - Persona Natural,2019-07-10 13:35:13,webcreativa,2099,https://www.uniremington.edu.co/evento/declaracion-del-impuesto-de-renta-persona-natural/
28871,publish,Derecho laboral y procedimental para no abogados,2020-05-04 20:50:43,webcreativa,4660,https://www.uniremington.edu.co/evento/derecho-laboral-y-procedimental-para-no-abogados/
26370,draft,Des,2020-02-10 16:44:01,masteruni,0,https://www.uniremington.edu.co/?post_type=tribe_events&p=26370
39675,draft,Desarrolla habilidades en stop motion,2021-06-10 19:47:59,masteruni,724,https://www.uniremington.edu.co/?post_type=tribe_events&p=39675
39676,publish,Desarrolla habilidades en stop motion,2021-06-10 20:49:52,masteruni,6154,https://www.uniremington.edu.co/evento/desarrolla-habilidades-en-stop-motion/
39041,publish,Desarrolla tus ideas y creatividad,2021-05-12 16:54:29,masteruni,5217,https://www.uniremington.edu.co/evento/desarrolla-tus-ideas-y-creatividad/
41799,publish,Desarrollo de habilidades para redacción,2021-11-16 20:42:01,masteruni,7845,https://www.uniremington.edu.co/evento/desarrollo-de-habilidades-para-redaccion/
45438,publish,Desarrollo empresarial y nuevas tendencias,2022-07-12 18:00:30,masteruni,4292,https://www.uniremington.edu.co/evento/desarrollo-empresarial-y-nuevas-tendencias/
26372,private,Desarrollo Gerencial Marketing,2020-02-10 19:54:32,masteruni,2563,https://www.uniremington.edu.co/evento/desarrollo-gerencial-marketing/
31778,publish,Desarrollo personal y bienestar,2020-07-24 13:21:02,masteruni,3017,https://www.uniremington.edu.co/evento/desarrollo-personal-y-bienestar/
41625,publish,Desempeño en operaciones alimentarias,2021-10-26 19:54:03,masteruni,6745,https://www.uniremington.edu.co/evento/desempeno-en-operaciones-alimentarias/
27633,publish,Design Thinking – Curso virtual,2020-03-26 21:59:47,masteruni,5302,https://www.uniremington.edu.co/evento/design-thinking-curso-virtual/
43113,publish,Despenalización del aborto en Colombia,2022-03-10 20:56:11,masteruni,7605,https://www.uniremington.edu.co/evento/despenalizacion-del-aborto-en-colombia/
41324,publish,Dieta alimenticia para el ganado lechero,2021-10-06 20:46:37,masteruni,5738,https://www.uniremington.edu.co/evento/dieta-alimenticia-para-el-ganado-lechero/
43254,publish,Dietas para aves y cerdos,2022-03-29 21:26:59,masteruni,6769,https://www.uniremington.edu.co/evento/dietas-para-aves-y-cerdos/
55946,publish,Dilemas éticos en el campo de la salud,2024-04-16 14:40:14,webcreativa,2691,https://www.uniremington.edu.co/evento/eticos-campo-salud/
20491,publish,Diplomado - Conciliación en Derecho - Segunda cohorte,2019-07-04 19:20:59,webcreativa,2267,https://www.uniremington.edu.co/evento/diplomado-conciliacion-en-derecho-segunda-cohorte/
23010,private,Diplomado - Defensa Penal,2019-09-03 20:28:29,webcreativa,2403,https://www.uniremington.edu.co/evento/diplomado-defensa-penal/
45777,publish,Diplomado - Responsabilidad fiscal y derecho disciplinario,2022-08-01 15:58:04,masteruni,11370,https://www.uniremington.edu.co/evento/diplomado-responsabilidad-fiscal-y-derecho-disciplinario/
22452,publish,Diplomado - Visita médica,2019-08-09 21:47:33,webcreativa,2638,https://www.uniremington.edu.co/evento/diplomado-visita-medica/
36147,publish,Diplomado contable Uniremington,2021-01-12 16:11:39,masteruni,4676,https://www.uniremington.edu.co/evento/diplomado-contable-uniremington/
34758,draft,Diplomado de extensión contable en 2021,2020-11-05 13:04:34,masteruni,0,https://www.uniremington.edu.co/?post_type=tribe_events&p=34758
34759,publish,Diplomado de extensión contable en 2021,2020-11-10 15:27:24,masteruni,3986,https://www.uniremington.edu.co/evento/diplomado-de-extension-contable-en-2021/
37357,publish,Diplomado en Patobiología,2021-02-25 13:33:34,masteruni,9288,https://www.uniremington.edu.co/evento/diplomado-en-patobiologia/
38199,publish,Diplomado en sistema de gestión SARLAFT y SAGRILAFT,2021-03-18 21:48:30,masteruni,5763,https://www.uniremington.edu.co/evento/diplomado-en-sistema-de-gestion-sarlaft-y-sagrilaft/
45719,publish,Diplomados de la Ruta de Formación Docente,2022-07-28 18:50:56,masteruni,8778,https://www.uniremington.edu.co/evento/diplomados-de-la-ruta-de-formacion-docente/
42710,draft,Disfruta la feria de Bienestar Institucional,2022-02-16 16:04:44,masteruni,10040,https://www.uniremington.edu.co/?post_type=tribe_events&p=42710
43164,publish,Disfruta la Semana de la Salud Uniremington,2022-03-16 20:40:48,masteruni,10507,https://www.uniremington.edu.co/evento/disfruta-la-semana-de-la-salud-uniremington/
43594,publish,Diversidad y tolerancia,2022-04-19 19:17:00,masteruni,10411,https://www.uniremington.edu.co/evento/diversidad-y-tolerancia/
22216,publish,Doble carga de malnutrición infantil,2019-07-29 15:58:15,webcreativa,1281,https://www.uniremington.edu.co/evento/doble-carga-de-malnutricion-infantil/
43376,publish,Domina una segunda lengua,2022-04-01 21:38:44,masteruni,8447,https://www.uniremington.edu.co/evento/domina-una-segunda-lengua/
24583,publish,Donación de Sangre,2019-10-04 22:22:50,webcreativa,3340,https://www.uniremington.edu.co/evento/donacion-de-sangre/
45367,publish,E-Commerce y el impulso de negocios,2022-07-05 16:39:08,masteruni,6835,https://www.uniremington.edu.co/evento/e-commerce-y-el-impulso-de-negocios/
41723,publish,Ecología y cuidado del planeta,2021-11-09 16:46:40,masteruni,7118,https://www.uniremington.edu.co/evento/ecologia-y-cuidado-del-planeta/
43300,publish,Educación en el uso de insulinas,2022-03-31 13:41:26,masteruni,6637,https://www.uniremington.edu.co/evento/educacion-en-el-uso-de-insulinas/
35319,publish,Egresados de Medicina Veterinaria - Encuentro 2020,2020-11-26 19:42:28,masteruni,5128,https://www.uniremington.edu.co/evento/egresados-de-medicina-veterinaria-encuentro-2020/
44511,publish,Ejecutivos eficientes y efectivos,2022-06-01 15:38:13,masteruni,7098,https://www.uniremington.edu.co/evento/ejecutivos-eficientes-y-efectivos/
32975,publish,El bienestar a tu alcance,2020-09-09 20:29:13,masteruni,2210,https://www.uniremington.edu.co/evento/el-bienestar-a-tu-alcance/
33028,publish,El bienestar a tu alcance (2),2020-09-10 13:33:32,masteruni,2577,https://www.uniremington.edu.co/evento/el-bienestar-a-tu-alcance-2/
38194,publish,El contador público en la economía solidaria,2021-03-24 13:07:13,masteruni,3552,https://www.uniremington.edu.co/evento/el-contador-publico-en-la-economia-solidaria/
35761,publish,El poder terapéutico de la risa,2021-01-06 22:11:05,masteruni,3034,https://www.uniremington.edu.co/evento/el-poder-terapeutico-de-la-risa/
39719,publish,El porro: identidad del Caribe colombiano,2021-06-16 22:09:30,masteruni,7995,https://www.uniremington.edu.co/evento/el-porro-identidad-del-caribe-colombiano/
39058,publish,El respeto a la biodiversidad en las instituciones,2021-05-19 21:18:05,masteruni,3264,https://www.uniremington.edu.co/evento/el-respeto-a-la-biodiversidad-en-las-instituciones/
32910,publish,El sentir emocional médico en la pandemia,2020-09-03 19:29:06,webcreativa,3459,https://www.uniremington.edu.co/evento/el-sentir-emocional-medico-en-la-pandemia/
32519,publish,El ser humano esta sediento de espiritualidad…,2020-08-31 15:17:40,masteruni,3310,https://www.uniremington.edu.co/evento/el-ser-humano-esta-sediento-de-espiritualidad/
45602,publish,El éxito de la empresa: las personas,2022-07-22 17:28:05,masteruni,6143,https://www.uniremington.edu.co/evento/el-exito-de-la-empresa-las-personas/
31611,publish,Elementos formativos para las actividades investigativas,2020-07-09 13:49:45,masteruni,3709,https://www.uniremington.edu.co/evento/elementos-formativos-para-las-actividades-investigativas/
39000,publish,Empieza a conocer a Uniremington,2021-05-11 21:29:14,masteruni,11552,https://www.uniremington.edu.co/evento/empieza-a-conocer-a-uniremington/
40545,publish,Empieza a conocer las ventajas del Excel,2021-08-18 15:04:00,masteruni,5090,https://www.uniremington.edu.co/evento/empieza-a-conocer-las-ventajas-del-excel/
42104,publish,Empieza a conocer las ventajas del Excel,2021-12-17 16:54:07,masteruni,5488,https://www.uniremington.edu.co/evento/empieza-a-conocer-las-ventajas-del-excel-2/
50194,publish,Encuentro abierto de semilleros de investigación,2023-07-05 19:48:25,masteruni,5972,https://www.uniremington.edu.co/evento/encuentro-abierto-de-semilleros-de-investigacion/
65546,publish,Encuentro de Egresados Uniremington 2025,2025-10-15 17:49:12,acontreras,4479,https://www.uniremington.edu.co/evento/encuentro-de-egresados-uniremington-2025/
42654,publish,Encuentro de experiencias y emprendimientos,2022-02-11 21:53:38,masteruni,4341,https://www.uniremington.edu.co/evento/encuentro-de-experiencias-y-emprendimientos/
46688,publish,Encuentro de Ingeniería Uniremington - 2022,2022-09-19 18:31:22,masteruni,3834,https://www.uniremington.edu.co/evento/encuentro-de-ingenieria-uniremington-2022/
65841,publish,Encuentro de Ingeniería: “Conectando saberes para el futuro”,2025-10-15 16:04:10,acontreras,2775,https://www.uniremington.edu.co/evento/encuentro-de-ingenieria-conectando-saberes-para-el-futuro/
50219,draft,Encuentro nacional de semilleros de investigación,2023-07-07 20:09:49,masteruni,4629,https://www.uniremington.edu.co/?post_type=tribe_events&p=50219
40995,publish,ENEND 2021,2021-09-17 19:49:09,masteruni,4401,https://www.uniremington.edu.co/evento/enend-2021/
41936,publish,Enfermedades infecciosas y producción bovina,2021-11-24 16:35:51,masteruni,9468,https://www.uniremington.edu.co/evento/enfermedades-infecciosas-y-produccion-bovina/
42778,publish,Epidemiología y salud,2022-02-21 19:17:17,masteruni,6291,https://www.uniremington.edu.co/evento/epidemiologia-y-salud/
40183,publish,Es fundamental actualizarse en áreas contables,2021-07-30 20:02:36,masteruni,5270,https://www.uniremington.edu.co/evento/es-fundamental-actualizarse-en-areas-contables/
39638,publish,Es momento de actualizarte en ciencias empresariales,2021-06-08 19:35:04,masteruni,5573,https://www.uniremington.edu.co/evento/es-momento-de-actualizarte-en-ciencias-empresariales/
32267,publish,Escuela de emprendimiento,2020-08-11 22:19:28,webcreativa,3310,https://www.uniremington.edu.co/evento/escuela-de-emprendimiento/
39686,publish,Espacio para compartir conceptos y experiencias empresariales,2021-06-10 22:00:04,masteruni,9599,https://www.uniremington.edu.co/evento/espacio-para-compartir-conceptos-y-experiencias-empresariales/
45336,draft,Espacios de reflexión en torno a la enfermería,2022-06-30 15:00:38,masteruni,6168,https://www.uniremington.edu.co/?post_type=tribe_events&p=45336
56107,publish,Estados Unidos en la Semana Internacional de Uniremington,2024-05-06 18:58:11,webcreativa,5894,https://www.uniremington.edu.co/evento/estados-unidos-uniremington/
28825,publish,Estrategias de búsquedas con éxito de bases de datos académicas,2020-05-05 15:40:36,webcreativa,3961,https://www.uniremington.edu.co/evento/estrategias-de-busquedas-con-exito-de-bases-de-datos-academicas/
22421,draft,Estrategias de Negociación,2019-08-09 16:59:59,webcreativa,1818,https://www.uniremington.edu.co/?post_type=tribe_events&p=22421
39505,publish,Estudiante Uniremington ¡Vincúlate a los semilleros de investigación!,2021-05-26 19:12:36,masteruni,4879,https://www.uniremington.edu.co/evento/estudiante-uniremington-vinculate-a-los-semilleros-de-investigacion/
41851,publish,Eutanasia y análisis desde el derecho,2021-11-19 14:26:31,masteruni,10755,https://www.uniremington.edu.co/evento/eutanasia-y-analisis-desde-el-derecho/
37631,publish,Evaluación integral de proyectos,2021-03-04 22:51:38,masteruni,6798,https://www.uniremington.edu.co/evento/evaluacion-integral-de-proyectos/
57347,publish,"Evento de arte, cultura y libros",2024-07-09 22:34:39,webcreativa,3363,https://www.uniremington.edu.co/evento/evento-de-arte-cultura-y-libros/
32967,publish,Evento internacional sobre productividad,2020-09-10 15:24:04,webcreativa,2346,https://www.uniremington.edu.co/evento/evento-internacional-sobre-productividad/
45628,publish,Evento internacional: negocios y cultura,2022-07-26 13:14:07,masteruni,8506,https://www.uniremington.edu.co/evento/evento-internacional-negocios-y-cultura/
64401,publish,Evento nacional de estudiantes de nutrición y dietética,2025-08-28 15:52:59,acontreras,6806,https://www.uniremington.edu.co/evento/evento-nacional-de-estudiantes-de-nutricion-y-dietetica/
30022,draft,Evento virtual III Congreso Internacional de Ciencias Empresariales - 2020,2020-05-15 13:58:52,masteruni,4435,https://www.uniremington.edu.co/?post_type=tribe_events&p=30022
32563,publish,Evolución en el área oncológica animal,2020-08-26 13:49:58,masteruni,7574,https://www.uniremington.edu.co/evento/evolucion-en-el-area-oncologica-animal/
40736,publish,Excel y su funcionalidad en el área financiera,2021-08-30 13:39:23,masteruni,6171,https://www.uniremington.edu.co/evento/excel-y-su-funcionalidad-en-el-area-financiera/
40391,draft,Factorización y cursos de Cálculo,2021-08-09 13:22:20,masteruni,2813,https://www.uniremington.edu.co/?post_type=tribe_events&p=40391
37265,publish,Facultad de Ciencias Empresariales de Uniremington IV Encuentro de Egresados 2021,2021-02-25 19:50:59,masteruni,5820,https://www.uniremington.edu.co/evento/facultad-de-ciencias-empresariales-de-uniremington-iv-encuentro-de-egresados-2021/
27430,draft,"FER publicará y divulgará obras derivadas de actividades académicas en investigación, creación o innovación",2020-03-19 13:59:45,masteruni,4608,https://www.uniremington.edu.co/?post_type=tribe_events&p=27430
27787,publish,"FER publicará y divulgará obras derivadas de actividades académicas en investigación, creación o innovación",2020-03-31 17:02:34,masteruni,5526,https://www.uniremington.edu.co/evento/fer-publicara-y-divulgara-obras-derivadas-de-actividades-academicas-en-investigacion-creacion-o-innovacion/
54748,publish,Feria de Empleabilidad 2024,2024-02-01 16:04:21,webcreativa,2646,https://www.uniremington.edu.co/evento/feria-de-empleabilidad-2024/
70029,publish,Feria de Empleabilidad Virtual Uniremington 2026,2026-05-21 14:08:22,acontreras,3728,https://www.uniremington.edu.co/evento/feria-de-empleabilidad-virtual-uniremington-2026/
62310,publish,Feria de empleabilidad y oportunidades,2025-03-07 16:19:07,webcreativa,2952,https://www.uniremington.edu.co/evento/feria-de-empleabilidad-y-oportunidades/
69122,publish,"Feria de emprendimiento, creatividad e innovación",2026-04-08 15:40:02,acontreras,3010,https://www.uniremington.edu.co/evento/feria-de-emprendimiento-creatividad-e-innovacion/
25382,publish,Feria de ofertas Universitarias en el Choco,2019-11-12 15:29:56,webcreativa,1661,https://www.uniremington.edu.co/evento/feria-de-ofertas-universitarias-en-el-choco/
25377,publish,Festival de arte y cultura Uniremington - Medellín,2019-11-12 13:21:33,webcreativa,2302,https://www.uniremington.edu.co/evento/festival-de-arte-y-cultura-uniremington-medellin/
26271,publish,Finanzas corporativas y mercado de valores,2020-02-06 14:04:31,masteruni,2400,https://www.uniremington.edu.co/evento/finanzas-corporativas-y-mercado-de-valores/
25804,publish,Finanzas para Abogados,2020-01-16 15:58:49,webcreativa,3299,https://www.uniremington.edu.co/evento/finanzas-para-abogados/
24625,publish,Fondo SAPIENCIA - Asesorías personalizadas en Uniremington,2019-10-08 14:14:41,webcreativa,1877,https://www.uniremington.edu.co/evento/fondo-sapiencia-asesorias-personalizadas-en-uniremington/
30137,draft,Fondos Sapiencia para egresados,2020-05-18 15:59:39,masteruni,0,https://www.uniremington.edu.co/?post_type=tribe_events&p=30137
32939,draft,Formación de líderes directivos,2020-09-03 15:09:54,webcreativa,3736,https://www.uniremington.edu.co/?post_type=tribe_events&p=32939
64812,publish,Foro sobre educación para la competitividad,2025-09-10 14:40:46,acontreras,52237,https://www.uniremington.edu.co/evento/foro-sobre-educacion-para-la-competitividad/
59291,publish,Foro sobre paz y globalización,2024-10-11 15:08:47,webcreativa,6911,https://www.uniremington.edu.co/evento/foro-sobre-paz-y-globalizacion/
62327,publish,Foro sobre transformación educativa y nuevas tendencias,2025-02-25 13:30:03,webcreativa,5568,https://www.uniremington.edu.co/evento/foro-sobre-transformacion-educativa-y-nuevas-tendencias/
40722,publish,Fortalece tus competencias en materia laboral y seguridad social,2021-08-27 17:00:10,masteruni,6657,https://www.uniremington.edu.co/evento/fortalece-tus-competencias-en-materia-laboral-y-seguridad-social/
30447,publish,Fortalece tus competencias profesionales en la auditoría forense,2020-06-03 19:15:12,masteruni,2799,https://www.uniremington.edu.co/evento/fortalece-tus-competencias-profesionales-en-la-auditoria-forense/
32901,publish,Fortalece tus conocimientos de Excel en su nivel intermedio,2020-09-07 15:06:46,webcreativa,4320,https://www.uniremington.edu.co/evento/fortalece-tus-conocimientos-de-excel-en-su-nivel-intermedio/
37532,publish,Fortalece y optimiza tus conceptos empresariales,2021-03-02 14:50:22,masteruni,4665,https://www.uniremington.edu.co/evento/fortalece-y-optimiza-tus-conceptos-empresariales/
42661,publish,Fortalecimiento de la formación docente,2022-02-14 15:09:56,masteruni,7306,https://www.uniremington.edu.co/evento/fortalecimiento-de-la-formacion-docente/
43553,publish,Funcionamiento del mercado de Acciones,2022-04-08 22:43:12,masteruni,7245,https://www.uniremington.edu.co/evento/funcionamiento-del-mercado-de-acciones/
27670,publish,Fundamentos de mercadeo - Curso virtual,2020-03-27 13:40:13,webcreativa,3335,https://www.uniremington.edu.co/evento/curso-virtual-fundamentos-de-mercadeo/
18119,publish,Fundamentos y estrategias de venta – Curso virtual,2019-06-04 21:32:55,webcreativa,1827,https://www.uniremington.edu.co/evento/fundamentos-y-estrategias-de-venta-curso-virtual/
31209,publish,Futuro e innovación empresarial,2020-07-01 13:19:10,masteruni,4468,https://www.uniremington.edu.co/evento/futuro-e-innovacion-empresarial/
26529,publish,FÚTBOL SALA,2020-02-14 20:43:27,masteruni,926,https://www.uniremington.edu.co/evento/futbol-sala/
27187,draft,Gerencia de operaciones alimentarias público-privadas de alimentos,2020-03-11 21:33:49,masteruni,0,https://www.uniremington.edu.co/?post_type=tribe_events&p=27187
27189,draft,Gerencia de operaciones alimentarias público-privadas de alimentos,2020-03-13 14:11:40,masteruni,2998,https://www.uniremington.edu.co/?post_type=tribe_events&p=27189
41297,publish,Gestión de la innovación y el emprendimiento,2021-10-06 14:48:57,masteruni,10936,https://www.uniremington.edu.co/evento/gestion-de-la-innovacion-y-el-emprendimiento/
17998,publish,Gestión de proyectos con inversión pública en nutrición y salud - Diplomado,2019-06-04 16:11:35,webcreativa,2941,https://www.uniremington.edu.co/evento/gestion-de-proyectos-con-inversion-publica-en-nutricion-y-salud-diplomado/
45432,publish,Gestión y operación del comercio exterior,2022-07-12 13:15:32,masteruni,6760,https://www.uniremington.edu.co/evento/gestion-y-operacion-del-comercio-exterior/
37832,draft,Gimnasio Uniremington amplía sus horarios,2021-03-11 22:05:24,masteruni,6461,https://www.uniremington.edu.co/?post_type=tribe_events&p=37832
33800,publish,Grupo de interacción jurídico,2020-09-29 19:59:25,masteruni,3511,https://www.uniremington.edu.co/evento/grupo-de-interaccion-juridico/
39319,publish,Habilidades creativas y procesos productivos,2021-05-24 13:51:17,masteruni,3444,https://www.uniremington.edu.co/evento/habilidades-creativas-y-procesos-productivos/
26331,publish,Habilidades Gerenciales,2020-02-07 22:47:51,masteruni,1979,https://www.uniremington.edu.co/evento/habilidades-gerenciales/
26510,publish,Habilidades Gerenciales - Curso virtual,2020-02-14 19:27:37,webcreativa,3024,https://www.uniremington.edu.co/evento/habilidades-gerenciales-curso-virtual/
31725,publish,Hecho jurídico histórico en Colombia,2020-07-13 22:19:54,webcreativa,3910,https://www.uniremington.edu.co/evento/hecho-juridico-historico-en-colombia/
22528,publish,Herramientas de ingeniería industrial en la era de la industria 4.0,2019-08-14 22:27:39,webcreativa,1883,https://www.uniremington.edu.co/evento/herramientas-de-ingenieria-industrial-en-la-era-de-la-industria-4-0/
38666,draft,Herramientas para la toma de decisiones empresariales,2021-04-22 16:01:35,masteruni,48,https://www.uniremington.edu.co/?post_type=tribe_events&p=38666
38667,publish,Herramientas para la toma de decisiones empresariales,2021-04-23 13:57:46,masteruni,4568,https://www.uniremington.edu.co/evento/herramientas-para-la-toma-de-decisiones-empresariales/
43348,draft,Higiene y operaciones alimentarias,2022-04-01 14:11:04,masteruni,5552,https://www.uniremington.edu.co/?post_type=tribe_events&p=43348
23141,publish,I Encuentro Internacional de Zoonosis en Medellín,2019-09-10 16:49:33,webcreativa,16302,https://www.uniremington.edu.co/evento/i-encuentro-internacional-de-zoonosis-en-medellin/
26424,publish,I Simposio de  Ginecología y Obstetricia Uniremington,2020-02-12 17:03:03,masteruni,2363,https://www.uniremington.edu.co/evento/simposio-de-ginecologia-y-obstetricia-uniremington/
32011,draft,Icetex abre fondo especial para comunidades indígenas,2020-07-27 15:38:55,webcreativa,0,https://www.uniremington.edu.co/?post_type=tribe_events&p=32011
32005,draft,Icetex abre fondo especial para estudiantes de comunidades negras,2020-07-27 15:28:44,masteruni,2305,https://www.uniremington.edu.co/?post_type=tribe_events&p=32005
59809,publish,II Encuentro de Egresados 2024,2024-11-06 13:02:37,webcreativa,6160,https://www.uniremington.edu.co/evento/encuentro-egresados-2024-2/
28719,publish,II Semana de Egresados 2020-1,2020-04-29 20:12:26,masteruni,2858,https://www.uniremington.edu.co/evento/ii-semana-de-egresados-2020-1/
28297,draft,II Semana de Egresados 2020-1 Seminarios de actualización en el ámbito empresarial,2020-04-21 21:00:19,masteruni,2822,https://www.uniremington.edu.co/?post_type=tribe_events&p=28297
22397,draft,II Seminario actualización en lactancia humana,2019-08-09 13:18:34,webcreativa,3082,https://www.uniremington.edu.co/?post_type=tribe_events&p=22397
62187,publish,III Congreso Internacional de Humanismo y Sociedad,2025-02-17 13:05:39,webcreativa,4893,https://www.uniremington.edu.co/evento/iii-congreso-internacional-de-humanismo-y-sociedad/
40598,publish,Implementación organizacional del Sarlaft y del Sagrilaft,2021-08-20 22:54:19,masteruni,8634,https://www.uniremington.edu.co/evento/implementacion-organizacional-del-sarlaft-y-del-sagrilaft/
45129,publish,Ingeniería civil y aspectos esenciales,2022-06-17 15:11:01,masteruni,6713,https://www.uniremington.edu.co/evento/ingenieria-civil-y-aspectos-esenciales/
34280,publish,"Ingeniería, seguridad y salud en el trabajo",2020-10-19 21:44:06,masteruni,3452,https://www.uniremington.edu.co/evento/ingenieria-seguridad-y-salud-en-el-trabajo/
43105,publish,Inicia Paseo por la literatura,2022-03-10 19:46:15,masteruni,5467,https://www.uniremington.edu.co/evento/inicia-paseo-por-la-literatura/
69405,publish,Innovación educativa: estrategias para la formación empresarial,2026-04-10 16:15:58,acontreras,2897,https://www.uniremington.edu.co/evento/innovacion-educativa-estrategias-para-la-formacion-empresarial/
26355,draft,Innovación Tecnolo,2020-02-10 13:11:46,masteruni,0,https://www.uniremington.edu.co/?post_type=tribe_events&p=26355
26356,publish,Innovación Tecnología y Competitividad-Curso,2020-02-10 16:25:38,masteruni,2696,https://www.uniremington.edu.co/evento/innovacion-tecnologia-y-competitividad/
20484,publish,Innovación tecnológica y competitividad - Curso virtual,2019-07-04 15:07:42,webcreativa,1644,https://www.uniremington.edu.co/evento/innovacion-tecnologica-y-competitividad-curso-virtual/
31920,publish,Innovar para diseñar un modelo de negocios,2020-07-29 13:22:45,masteruni,3388,https://www.uniremington.edu.co/evento/innovar-para-disenar-un-modelo-de-negocios/
31896,draft,Inscripciones abiertas para suficiencias y preparatorios,2020-07-21 20:59:22,masteruni,3719,https://www.uniremington.edu.co/?post_type=tribe_events&p=31896
31909,draft,Inscripciones abiertas para suficiencias y preparatorios,2020-07-22 14:48:46,masteruni,279,https://www.uniremington.edu.co/?post_type=tribe_events&p=31909
39031,draft,Inscríbete para hacer parte del Cocola de Uniremington!,2021-05-12 15:14:16,masteruni,3319,https://www.uniremington.edu.co/?post_type=tribe_events&p=39031
41454,draft,Inteligencia artificial y las organizaciones,2021-10-14 21:22:32,masteruni,5611,https://www.uniremington.edu.co/?post_type=tribe_events&p=41454
41481,publish,Inteligencia artificial y las organizaciones,2021-10-19 22:24:47,masteruni,6719,https://www.uniremington.edu.co/evento/inteligencia-artificial-y-las-organizaciones-2/
43736,publish,Interacción humano-animal y riesgo psicosocial,2022-04-27 21:21:18,masteruni,5826,https://www.uniremington.edu.co/evento/interaccion-humano-animal-y-riesgo-psicosocial/
43214,publish,Interpretación de exámenes de laboratorio,2022-03-25 17:12:57,masteruni,6907,https://www.uniremington.edu.co/evento/interpretacion-de-examenes-de-laboratorio/
40112,publish,Intervenciones asistidas con animales,2021-07-16 20:00:28,masteruni,5079,https://www.uniremington.edu.co/evento/intervenciones-asistidas-con-animales/
38160,publish,Intraemprendimiento e innovación,2021-03-24 14:24:26,masteruni,5784,https://www.uniremington.edu.co/evento/intraemprendimiento-e-innovacion/
45370,publish,"Intraemprendimiento, innovación y nuevos mercados",2022-07-05 17:19:39,masteruni,8758,https://www.uniremington.edu.co/evento/intraemprendimiento-innovacion-y-nuevos-mercados/
43211,publish,Investigación formativa en el mundo económico,2022-03-25 16:32:46,masteruni,3800,https://www.uniremington.edu.co/evento/investigacion-formativa-en-el-mundo-economico/
38639,publish,Investigación y metodologías,2021-04-23 15:58:19,masteruni,4602,https://www.uniremington.edu.co/evento/investigacion-y-metodologias/
22781,draft,IV,2019-08-22 14:51:48,webcreativa,0,https://www.uniremington.edu.co/?post_type=tribe_events&p=22781
68866,publish,IV Congreso Internacional de Humanismo y Sociedad,2026-03-11 13:54:35,acontreras,9484,https://www.uniremington.edu.co/evento/iv-congreso-internacional-de-humanismo-y-sociedad/
22782,publish,IV Semana del emprendimiento e intraemprendimiento,2019-08-22 20:14:36,webcreativa,1819,https://www.uniremington.edu.co/evento/iv-semana-del-emprendimiento-e-intraemprendimiento/
24641,publish,Jornada académica - Día Mundial de la Lucha contra el Cáncer de Mama,2019-10-10 13:18:47,webcreativa,2280,https://www.uniremington.edu.co/evento/jornada-academica-dia-mundial-de-la-lucha-contra-el-cancer-de-mama/
43227,publish,Jornada académica de medicina veterinaria,2022-03-28 14:04:17,masteruni,8113,https://www.uniremington.edu.co/evento/jornada-academica-de-medicina-veterinaria/
54660,publish,Jornada de inducción institucional,2024-01-25 21:50:39,webcreativa,1353,https://www.uniremington.edu.co/evento/jornada-de-induccion-institucional/
36897,publish,Jornada de inducción virtual,2021-02-03 19:15:14,masteruni,2865,https://www.uniremington.edu.co/evento/jornada-de-induccion-virtual/
25221,publish,Jornada de limpieza facial,2019-10-28 20:39:53,webcreativa,1204,https://www.uniremington.edu.co/evento/jornada-de-limpieza-facial/
24604,publish,Jornada de orientación en salud sexual y reproductiva,2019-10-07 14:02:48,webcreativa,1489,https://www.uniremington.edu.co/evento/jornada-de-orientacion-en-salud-sexual-y-reproductiva/
47088,publish,Jornada de salud mental en Uniremington,2022-10-06 14:06:55,masteruni,12473,https://www.uniremington.edu.co/evento/jornada-de-salud-mental-en-uniremington/
52201,publish,Jornada de Salud mental y bienestar emocional,2023-10-03 16:26:45,webcreativa,4646,https://www.uniremington.edu.co/evento/jornada-de-salud-mental-y-bienestar-emocional/
39722,publish,Jornada pedagógica de medicina veterinaria,2021-06-16 15:35:05,masteruni,4853,https://www.uniremington.edu.co/evento/jornada-pedagogica-de-medicina-veterinaria/
37862,publish,Jornada virtual de actualización jurídica,2021-03-15 19:02:00,masteruni,5128,https://www.uniremington.edu.co/evento/jornada-virtual-de-actualizacion-juridica/
34116,publish,Jornada virtual de la salud mental,2020-10-14 01:21:31,masteruni,4842,https://www.uniremington.edu.co/evento/jornada-virtual-de-la-salud-mental/
46819,publish,Jornadas de la salud en Uniremington,2022-09-26 15:26:07,masteruni,6402,https://www.uniremington.edu.co/evento/jornadas-de-la-salud-en-uniremington/
58777,publish,Jornadas de salud mental,2024-09-25 13:11:57,webcreativa,6641,https://www.uniremington.edu.co/evento/jornadas-de-salud-mental/
23009,draft,JUEGOS DE MESAS ABREN EL CRONOGRAMA DEPORTIVO,2019-09-03 18:11:00,webcreativa,351,https://www.uniremington.edu.co/?post_type=tribe_events&p=23009
37973,publish,La conciliación,2021-03-12 19:30:05,masteruni,5012,https://www.uniremington.edu.co/evento/la-conciliacion/
33314,publish,La conciliación a tu servicio - Medellín,2020-09-11 16:19:27,masteruni,2554,https://www.uniremington.edu.co/evento/la-conciliacion-a-tu-servicio-medellin/
32963,publish,La conciliación a tu servicio - Sede Montería,2020-09-04 20:35:13,webcreativa,2172,https://www.uniremington.edu.co/evento/la-conciliacion-a-tu-servicio-sede-monteria/
26398,publish,La fotoprotección y la prevención de cáncer de piel,2020-02-11 16:24:18,masteruni,1235,https://www.uniremington.edu.co/evento/la-fotoproteccion-y-la-prevencion-de-cancer-de-piel/
40665,publish,La importancia de la atención primaria de salud,2021-08-24 21:34:30,masteruni,6414,https://www.uniremington.edu.co/evento/la-importancia-de-la-atencion-primaria-de-salud/
39529,publish,La importancia de la salud mental,2021-05-26 22:20:00,masteruni,3923,https://www.uniremington.edu.co/evento/la-importancia-de-la-salud-mental/
41472,draft,La importancia de las zonas francas,2021-10-15 21:02:42,masteruni,0,https://www.uniremington.edu.co/?post_type=tribe_events&p=41472
38987,publish,La importancia del acertado manejo de costos,2021-05-12 14:48:49,masteruni,5042,https://www.uniremington.edu.co/evento/la-importancia-del-acertado-manejo-de-costos/
33719,publish,La ingeniería en el futuro,2020-09-23 13:48:45,masteruni,7518,https://www.uniremington.edu.co/evento/la-ingenieria-en-el-futuro/
38370,draft,La investigación jurídica en sus distintas tipologías,2021-03-26 21:45:46,masteruni,4343,https://www.uniremington.edu.co/?post_type=tribe_events&p=38370
37602,publish,La realidad actual del país y sus protagonistas,2021-03-03 15:42:04,masteruni,4725,https://www.uniremington.edu.co/evento/la-realidad-actual-del-pais-y-sus-protagonistas/
22761,publish,"La responsabilidad médica, un reto para el abogado",2019-08-21 21:58:36,webcreativa,2594,https://www.uniremington.edu.co/evento/la-responsabilidad-medica-un-reto-para-el-abogado/
34326,publish,La utilidad de la justicia transicional,2020-10-21 13:22:29,masteruni,3517,https://www.uniremington.edu.co/evento/la-utilidad-de-la-justicia-transicional/
42468,publish,La valoración de las empresas,2022-02-02 22:14:15,masteruni,7338,https://www.uniremington.edu.co/evento/la-valoracion-de-las-empresas/
41398,draft,Laboratorio clínico veterinario,2021-10-12 14:22:03,masteruni,7976,https://www.uniremington.edu.co/?post_type=tribe_events&p=41398
42637,publish,"Las finanzas, herramienta fundamental",2022-02-10 19:06:10,masteruni,9457,https://www.uniremington.edu.co/evento/las-finanzas-herramienta-fundamental/
31147,publish,"Las NIIF y la planeación presupuestal, financiera y fiscal",2020-06-26 20:29:52,masteruni,4624,https://www.uniremington.edu.co/evento/las-niif-y-la-planeacion-presupuestal-financiera-y-fiscal/
31127,publish,Las pymes y la Ley 2010 de 2019,2020-06-24 18:40:48,masteruni,4305,https://www.uniremington.edu.co/evento/las-pymes-y-la-ley-2010-de-2019/
34652,publish,Las realidades sociales requieren caminos viables,2020-10-27 16:29:50,masteruni,3358,https://www.uniremington.edu.co/evento/las-realidades-sociales-requieren-caminos-viables/
30866,publish,Las TIC aplicadas en el proceso educativo,2020-06-12 21:18:22,masteruni,3655,https://www.uniremington.edu.co/evento/las-tic-aplicadas-en-el-proceso-educativo/
44254,publish,Legislación ambiental en diferentes campos,2022-05-23 14:37:26,masteruni,7943,https://www.uniremington.edu.co/evento/legislacion-ambiental-en-diferentes-campos/
44682,draft,Legislación ambiental y responsabilidad social,2022-06-06 14:07:38,masteruni,8189,https://www.uniremington.edu.co/?post_type=tribe_events&p=44682
41249,publish,Lenguaje jurídico en inglés,2021-10-01 20:32:10,masteruni,6320,https://www.uniremington.edu.co/evento/lenguaje-juridico-en-ingles/
37345,draft,Levanta la mano,2021-02-19 14:03:28,masteruni,3767,https://www.uniremington.edu.co/?post_type=tribe_events&p=37345
37434,publish,Levanta la mano,2021-02-25 15:24:14,masteruni,4696,https://www.uniremington.edu.co/evento/levanta-la-mano/
41583,publish,Ley 1996 de 2019 y los acuerdos de apoyo,2021-10-25 14:41:02,masteruni,4709,https://www.uniremington.edu.co/evento/ley-1996-de-2019-y-los-acuerdos-de-apoyo/
32892,publish,Liderazgo y crisis,2020-09-04 22:37:01,webcreativa,3274,https://www.uniremington.edu.co/evento/liderazgo-y-crisis/
42477,publish,Liderazgo y desarrollo sostenible,2022-02-03 20:25:27,masteruni,5831,https://www.uniremington.edu.co/evento/liderazgo-y-desarrollo-sostenible/
40569,publish,Literatura se abre paso en Uniremington,2021-08-24 16:18:10,masteruni,8775,https://www.uniremington.edu.co/evento/literatura-se-abre-paso-en-uniremington/
40917,publish,Literatura se abre paso en Uniremington,2021-09-14 15:11:54,masteruni,8775,https://www.uniremington.edu.co/evento/literatura-se-abre-paso-en-uniremington-2/
41270,publish,Literatura se fortalece en Uniremington,2021-10-04 16:15:53,masteruni,8730,https://www.uniremington.edu.co/evento/literatura-se-fortalece-en-uniremington/
41721,publish,Literatura se fortalece en Uniremington,2021-11-24 14:05:50,masteruni,8912,https://www.uniremington.edu.co/evento/literatura-se-fortalece-en-uniremington-2/
21117,publish,ll Conferencia Saberes Médicos Uniremington,2019-07-10 14:19:29,webcreativa,872,https://www.uniremington.edu.co/evento/ll-conferencia-saberes-medicos-uniremington/
20477,publish,ll Encuentro Internacional de Investigadores en Lactancia Humana,2019-07-04 14:37:38,webcreativa,2182,https://www.uniremington.edu.co/evento/ll-encuentro-internacional-de-investigadores-en-lactancia-humana/
26564,publish,Llegó Tu Momento de Construir país Medellín,2020-02-18 19:12:48,masteruni,1569,https://www.uniremington.edu.co/evento/llego-tu-momento-de-construir-pais-medellin/
38174,publish,Los anfibios en nuestro entorno,2021-03-23 13:48:03,masteruni,8168,https://www.uniremington.edu.co/evento/los-anfibios-en-nuestro-entorno/
32024,draft,Los niños son también prioridad en su desarrollo,2020-07-27 19:12:31,masteruni,1952,https://www.uniremington.edu.co/?post_type=tribe_events&p=32024
31226,publish,Los parámetros financieros en las circunstancias actuales,2020-06-25 23:06:08,masteruni,3127,https://www.uniremington.edu.co/evento/los-parametros-financieros-en-las-circunstancias-actuales/
50074,draft,Maestro 4.0: curso de verano para docentes y tutores,2023-06-15 21:29:19,masteruni,6275,https://www.uniremington.edu.co/?post_type=tribe_events&p=50074
56797,publish,Maestro 5.0 - Conferencias dirigidas a docentes y tutores,2024-06-04 14:36:33,webcreativa,10557,https://www.uniremington.edu.co/evento/maestro-5-0/
37506,publish,Manejo de insulinas,2021-03-04 21:54:06,masteruni,5646,https://www.uniremington.edu.co/evento/manejo-de-insulinas/
41795,publish,Manejo de pacientes diabéticos,2021-11-16 19:50:58,masteruni,7924,https://www.uniremington.edu.co/evento/manejo-de-pacientes-diabeticos/
42650,publish,Manejo integral de la diabetes,2022-02-11 21:09:16,masteruni,6417,https://www.uniremington.edu.co/evento/manejo-integral-de-la-diabetes/
38724,publish,Manejo y uso de las TIC en la litigación oral,2021-04-27 16:36:13,masteruni,3652,https://www.uniremington.edu.co/evento/manejo-y-uso-de-las-tic-en-la-litigacion-oral/
41828,publish,Marco constitucional y legal de la contratación estatal,2021-11-18 19:14:00,masteruni,8794,https://www.uniremington.edu.co/evento/marco-constitucional-y-legal-de-la-contratacion-estatal/
26485,publish,Marketing Digítal,2020-02-13 16:10:47,masteruni,3447,https://www.uniremington.edu.co/evento/marketing-digital/
28224,publish,Matemáticas financieras para la toma de decisiones empresariales,2020-04-20 12:53:57,masteruni,1626,https://www.uniremington.edu.co/evento/matematicas-financieras-para-la-toma-de-decisiones-empresariales/
27327,draft,Mecanismos alternativos de solución pacífica de conflictos en Colombia,2020-03-16 21:16:35,webcreativa,0,https://www.uniremington.edu.co/?post_type=tribe_events&p=27327
27282,draft,Mecanismos alternativos de solución pacífica de conflictos en Colombia,2020-03-13 22:24:37,masteruni,414,https://www.uniremington.edu.co/?post_type=tribe_events&p=27282
40898,publish,Mecanismos para financiar infraestructura,2021-09-06 21:54:41,masteruni,4563,https://www.uniremington.edu.co/evento/mecanismos-para-financiar-infraestructura/
44504,draft,"Medicina interna, conservación y ortopedia de aves",2022-06-01 13:56:24,masteruni,8354,https://www.uniremington.edu.co/?post_type=tribe_events&p=44504
40129,draft,Mejora tu producción científica,2021-07-21 19:45:00,masteruni,5364,https://www.uniremington.edu.co/?post_type=tribe_events&p=40129
32073,publish,Mentalidad que garantiza el éxito,2020-07-31 15:13:14,webcreativa,3038,https://www.uniremington.edu.co/evento/mentalidad-que-garantiza-el-exito/
21892,draft,Mercado de Capitales - Curso,2019-07-22 19:18:05,webcreativa,2645,https://www.uniremington.edu.co/?post_type=tribe_events&p=21892
34064,publish,Mercado de valores y laboratorio financiero,2020-10-14 00:22:36,masteruni,2996,https://www.uniremington.edu.co/evento/mercado-de-valores-y-laboratorio-financiero/
33936,draft,Mercados y laboratorio financiero,2020-10-05 15:35:34,masteruni,3245,https://www.uniremington.edu.co/?post_type=tribe_events&p=33936
33756,publish,Metodologías ágiles empresariales,2020-09-30 19:02:56,webcreativa,4342,https://www.uniremington.edu.co/evento/metodologias-agiles-empresariales/
43687,publish,Microorganismos parasitarios en bovinos,2022-04-26 22:33:17,masteruni,8108,https://www.uniremington.edu.co/evento/microorganismos-parasitarios-en-bovinos/
33471,draft,Mitos y Realidades del cáncer de mama,2020-09-16 13:39:18,masteruni,583,https://www.uniremington.edu.co/?post_type=tribe_events&p=33471
33540,publish,Mitos y Realidades del cáncer de mama,2020-09-16 21:32:19,masteruni,2741,https://www.uniremington.edu.co/evento/mitos-y-realidades-del-cancer-de-mama/
22852,publish,Modelos de predicción y propagación de deslizamientos mediante el uso de inventarios,2019-08-27 19:46:07,webcreativa,2486,https://www.uniremington.edu.co/evento/modelos-de-prediccion-y-propagacion-de-deslizamientos-mediante-el-uso-de-inventarios/
33158,publish,Movilidad estudiantil internacional  Brasil te abre las puertas para 2021,2020-09-11 20:27:00,masteruni,3187,https://www.uniremington.edu.co/evento/movilidad-estudiantil-internacional-brasil-te-abre-las-puertas-para-2021/
33673,publish,Movilidad estudiantil internacional  Universidad mexicana abre convocatorias para 2021,2020-09-25 20:41:50,masteruni,3759,https://www.uniremington.edu.co/evento/movilidad-estudiantil-internacional-universidad-mexicana-abre-convocatorias-para-2021/
42692,publish,Movilidad y jornadas académicas contables,2022-02-14 21:03:32,masteruni,5800,https://www.uniremington.edu.co/evento/movilidad-y-jornadas-academicas-contables/
21615,draft,Mujer migrante venezolana,2019-07-17 13:31:33,webcreativa,0,https://www.uniremington.edu.co/?post_type=tribe_events&p=21615
37947,publish,Normas APA y su acertada aplicación,2021-03-12 21:19:59,masteruni,5668,https://www.uniremington.edu.co/evento/normas-apa-y-su-acertada-aplicacion/
38662,publish,Normativa fiscal y disciplinaria,2021-04-28 22:34:16,masteruni,7284,https://www.uniremington.edu.co/evento/normativa-fiscal-y-disciplinaria/
45481,publish,Normativa y aplicación en el marco ambiental,2022-07-14 15:05:43,masteruni,12257,https://www.uniremington.edu.co/evento/normativa-y-aplicacion-en-el-marco-ambiental/
41918,publish,Novena de Navidad Uniremington 2021,2021-11-23 16:55:00,masteruni,7315,https://www.uniremington.edu.co/evento/novena-de-navidad-uniremington-2021/
43085,publish,Nuestro cerebro y el aprendizaje,2022-03-09 20:33:04,masteruni,5023,https://www.uniremington.edu.co/evento/nuestro-cerebro-y-el-aprendizaje/
41387,publish,Nuevas realidades con mirada crítica,2021-10-11 15:29:15,masteruni,7512,https://www.uniremington.edu.co/evento/nuevas-realidades-con-mirada-critica/
39166,publish,Oferta de cursos para el primer semestre de 2021,2021-05-14 19:04:03,masteruni,7365,https://www.uniremington.edu.co/evento/oferta-de-cursos-para-el-primer-semestre-de-2021/
18099,publish,Oferta de seminarios de grados en el campo contable,2019-06-04 20:59:01,webcreativa,1945,https://www.uniremington.edu.co/evento/oferta-de-seminarios-de-grados-en-el-campo-contable/
25097,draft,ojkojjo,2019-10-23 21:44:18,webcreativa,0,https://www.uniremington.edu.co/?post_type=tribe_events&p=25097
39383,publish,Optimiza tus dispositivos móviles para la fotografía,2021-05-25 15:34:44,masteruni,6023,https://www.uniremington.edu.co/evento/optimiza-tus-dispositivos-moviles-para-la-fotografia/
43231,publish,Pacientes agresivos y su manejo,2022-03-28 14:54:03,masteruni,7624,https://www.uniremington.edu.co/evento/pacientes-agresivos-y-su-manejo/
33894,draft,Para emprendedores y personas con ideas de negocio,2020-10-02 17:13:07,masteruni,3422,https://www.uniremington.edu.co/?post_type=tribe_events&p=33894
33697,publish,Para emprendedores y personas con ideas de negocio,2020-10-02 17:15:30,masteruni,6169,https://www.uniremington.edu.co/evento/para-emprendedores-y-personas-con-ideas-de-negocio/
34355,draft,Para Permane-Ser,2020-10-23 15:19:25,masteruni,392,https://www.uniremington.edu.co/?post_type=tribe_events&p=34355
70364,publish,Participa en los Premios PEI Uniremington,2026-06-11 22:20:02,acontreras,42641,https://www.uniremington.edu.co/evento/premios-pei-uniremington/
45898,draft,Pasos para lograr una venta,2022-08-09 12:28:46,masteruni,0,https://www.uniremington.edu.co/?post_type=tribe_events&p=45898
43669,publish,Patalogías digestivas en el equino,2022-04-25 20:34:38,masteruni,8562,https://www.uniremington.edu.co/evento/patalogias-digestivas-en-el-equino/
44035,publish,Patología clínica y laboratorio de diagnóstico,2022-05-11 22:04:02,masteruni,7212,https://www.uniremington.edu.co/evento/patologia-clinica-y-laboratorio-de-diagnostico/
40586,publish,Patologías en la producción animal,2021-08-20 21:12:23,masteruni,6592,https://www.uniremington.edu.co/evento/patologias-en-la-produccion-animal/
31638,publish,Pautas para el emprendimiento,2020-07-16 14:43:11,masteruni,3308,https://www.uniremington.edu.co/evento/pautas-para-el-emprendimiento/
38946,publish,Pautas sobre planificación familiar,2021-05-10 13:17:36,masteruni,3912,https://www.uniremington.edu.co/evento/pautas-sobre-planificacion-familiar/
33838,draft,Pautas Solicitud de reclamaciones financieras,2020-10-02 16:40:35,masteruni,3441,https://www.uniremington.edu.co/?post_type=tribe_events&p=33838
32733,publish,Pensamiento estratégico y visión holística,2020-08-27 20:33:49,webcreativa,3634,https://www.uniremington.edu.co/evento/pensamiento-estrategico-y-vision-holistica/
32031,draft,Personaliza tu entrenamiento deportivo,2020-07-27 20:26:15,masteruni,1922,https://www.uniremington.edu.co/?post_type=tribe_events&p=32031
40366,publish,Perspectiva de modelos de negocio de alcance global,2021-08-04 22:24:41,masteruni,5085,https://www.uniremington.edu.co/evento/perspectiva-de-modelos-de-negocio-de-alcance-global/
65349,publish,Perspectivas para el sistema agroalimentario,2025-09-22 12:14:46,acontreras,18750,https://www.uniremington.edu.co/evento/perspectivas-para-el-sistema-agroalimentario/
48638,publish,Perú y su influencia en Latinoamérica,2023-02-21 20:15:57,masteruni,3561,https://www.uniremington.edu.co/evento/peru-y-su-influencia-en-latinoamerica/
33375,publish,Photoshop a tu alcance,2020-09-21 13:30:26,masteruni,4733,https://www.uniremington.edu.co/evento/photoshop-a-tu-alcance/
56996,draft,Planeación y ordenamiento territorial en contexto,2024-06-19 13:38:14,webcreativa,610,https://www.uniremington.edu.co/?post_type=tribe_events&p=56996
42013,publish,Postúlate a reconocimiento de excelencia,2021-12-06 14:33:21,masteruni,8343,https://www.uniremington.edu.co/evento/postulate-a-reconocimiento-de-excelencia/
37707,publish,Potenciar tu idea de negocio está a tu alcance,2021-03-08 19:18:04,masteruni,7527,https://www.uniremington.edu.co/evento/potenciar-tu-idea-de-negocio-esta-a-tu-alcance/
43399,publish,Practica tu habilidad de escucha del inglés,2022-04-04 16:39:08,masteruni,10521,https://www.uniremington.edu.co/evento/practica-tu-habilidad-de-escucha-del-ingles/
27757,publish,Practicas de excelencia en la gobernación de antioquia,2020-03-31 14:22:56,masteruni,3865,https://www.uniremington.edu.co/evento/practicas-de-excelencia-en-la-gobernacion-de-antioquia/
30096,publish,Premios a la excelencia académica Uniremington,2020-05-18 15:09:09,masteruni,12004,https://www.uniremington.edu.co/evento/premios-a-la-excelencia-academica-uniremington/
30457,publish,Prepárate para el Certified Ethical Hacker (CEH),2020-06-03 19:08:04,webcreativa,3946,https://www.uniremington.edu.co/evento/preparate-para-el-certified-ethical-hacker-ceh/
38812,draft,Prepárate para las pruebas Saber TyT,2021-04-30 13:15:54,masteruni,102,https://www.uniremington.edu.co/?post_type=tribe_events&p=38812
38813,publish,Prepárate para las pruebas Saber TyT,2021-05-03 15:52:53,masteruni,7602,https://www.uniremington.edu.co/evento/preparate-para-las-pruebas-saber-tyt/
27049,publish,Prevención de Enfermedades Respiratorias como el Coronavirus,2020-03-05 16:57:28,masteruni,2103,https://www.uniremington.edu.co/evento/prevencion-de-enfermedades-respiratorias-como-el-coronavirus/
45037,publish,Prevención de sobornos y actos de corrupción,2022-06-13 20:03:15,masteruni,7758,https://www.uniremington.edu.co/evento/prevencion-de-sobornos-y-actos-de-corrupcion/
39590,publish,Prevención y gestión de los delitos corporativos,2021-05-31 20:53:19,masteruni,6540,https://www.uniremington.edu.co/evento/prevencion-y-gestion-de-los-delitos-corporativos/
32109,publish,Primer módulo: Infraestructura vial,2020-07-31 16:41:02,masteruni,4694,https://www.uniremington.edu.co/evento/primer-modulo-infraestructura-vial/
22164,publish,Primer Simposio de Asistencia Integral al Adulto Mayor,2019-07-26 13:59:06,webcreativa,1621,https://www.uniremington.edu.co/evento/primer-simposio-de-asistencia-integral-al-adulto-mayor/
38491,publish,Primeros auxilios en sexualidad,2021-04-12 16:56:05,masteruni,3953,https://www.uniremington.edu.co/evento/primeros-auxilios-en-sexualidad/
25985,publish,Proceso de Atención de enfermería- PAE,2020-01-22 22:45:47,masteruni,1969,https://www.uniremington.edu.co/evento/proceso-de-atencion-de-enfermeria-pae/
39576,draft,Proceso para una fotografía de producto,2021-05-31 19:29:13,masteruni,0,https://www.uniremington.edu.co/?post_type=tribe_events&p=39576
39577,publish,Proceso para una fotografía de producto,2021-05-31 19:56:17,masteruni,5435,https://www.uniremington.edu.co/evento/proceso-para-una-fotografia-de-producto/
24616,publish,Procesos de atención de enfermería 2019-2,2019-10-08 13:34:49,webcreativa,2570,https://www.uniremington.edu.co/evento/procesos-de-atencion-de-enfermeria-2019-2/
31099,draft,Profundiza en la conciliación en Derecho,2020-06-19 20:50:41,webcreativa,2249,https://www.uniremington.edu.co/?post_type=tribe_events&p=31099
31108,draft,Profundiza en la conciliación en Derecho,2020-06-19 21:47:57,masteruni,2495,https://www.uniremington.edu.co/?post_type=tribe_events&p=31108
42880,publish,Profundizando en la psiquiatría y las neurociencias,2022-02-28 13:42:43,masteruni,8908,https://www.uniremington.edu.co/evento/ahondando-en-la-psiquiatria-y-las-neurociencias/
35157,publish,Programa de crédito del Icetex,2020-11-17 15:49:14,masteruni,3381,https://www.uniremington.edu.co/evento/programa-de-credito-del-icetex/
32066,publish,Programa de crédito del Icetex  Educación en línea para las regiones,2020-07-29 21:08:49,masteruni,1348,https://www.uniremington.edu.co/evento/programa-de-credito-del-icetex-educacion-en-linea-para-las-regiones/
27273,publish,Programación Web con Angular 9 y Firebase 7,2020-03-13 22:12:28,masteruni,2885,https://www.uniremington.edu.co/evento/programacion-web-con-angular-9-y-firebase-7/
37272,publish,Promoción de la investigación formativa,2021-02-25 22:15:52,masteruni,4192,https://www.uniremington.edu.co/evento/promocion-de-la-investigacion-formativa/
20340,publish,Prospectiva de los negocios – Curso virtual,2019-07-02 21:08:05,webcreativa,1508,https://www.uniremington.edu.co/evento/prospectiva-de-los-negocios-curso-virtual/
33561,draft,Proyección del departamento del Quindío,2020-09-17 15:25:12,webcreativa,3908,https://www.uniremington.edu.co/?post_type=tribe_events&p=33561
31678,draft,prueba 3,2020-07-13 15:21:25,webcreativa,1058,https://www.uniremington.edu.co/?post_type=tribe_events&p=31678
33389,publish,Prácticas de Excelencia y Específica 2020-1,2020-09-17 20:27:45,masteruni,3082,https://www.uniremington.edu.co/evento/practicas-de-excelencia-y-especifica-2020-1/
32103,draft,Puntos de vista sobre el teletrabajo,2020-07-30 15:36:04,masteruni,2828,https://www.uniremington.edu.co/?post_type=tribe_events&p=32103
32117,publish,Puntos de vista sobre el teletrabajo,2020-08-04 20:44:39,masteruni,2548,https://www.uniremington.edu.co/evento/puntos-de-vista-sobre-el-teletrabajo/
39311,draft,"Purificación, desintoxicación y liberación de sentimientos",2021-05-24 13:32:51,masteruni,5000,https://www.uniremington.edu.co/?post_type=tribe_events&p=39311
31084,publish,Pymes en el marco de las NIC-NIIF,2020-06-23 14:50:33,masteruni,4119,https://www.uniremington.edu.co/evento/pymes-en-el-marco-de-las-nic-niif/
33470,publish,Quinto módulo - Movilidad y transporte,2020-09-23 20:01:26,masteruni,7509,https://www.uniremington.edu.co/evento/quinto-modulo-movilidad-y-transporte/
43566,publish,Realidad sobre alimentos de origen animal,2022-04-18 14:24:35,masteruni,12433,https://www.uniremington.edu.co/evento/realidad-sobre-alimentos-de-origen-animal/
59928,publish,Reconocimiento a la Excelencia con Impacto Social,2024-11-12 14:59:14,webcreativa,10285,https://www.uniremington.edu.co/evento/reconocimiento-a-la-excelencia-con-impacto-social/
38225,draft,Reconocimiento y medición de grupos de investigación,2021-03-19 21:17:37,masteruni,0,https://www.uniremington.edu.co/?post_type=tribe_events&p=38225
52877,draft,Reconocimientos a la Excelencia con Impacto Social,2023-10-31 16:47:47,webcreativa,4941,https://www.uniremington.edu.co/?post_type=tribe_events&p=52877
51167,publish,Reflexiones sobre la violencia contra la mujer,2023-08-16 13:41:44,masteruni,5142,https://www.uniremington.edu.co/evento/reflexiones-sobre-la-violencia-contra-la-mujer/
32263,draft,Reflexión sobre el amor propio y el propósito de vida,2020-08-12 22:40:33,masteruni,3582,https://www.uniremington.edu.co/?post_type=tribe_events&p=32263
43547,publish,Rehabilitación de fauna silvestre,2022-04-08 20:13:22,masteruni,9918,https://www.uniremington.edu.co/evento/rehabilitacion-de-fauna-silvestre/
54695,publish,Reinducción de estudiantes de Contaduría Pública,2024-01-30 17:27:23,webcreativa,3450,https://www.uniremington.edu.co/evento/reinduccion-de-estudiantes-de-contaduria-publica/
55611,publish,Rendición de cuentas Uniremington 2023,2024-04-03 19:55:47,webcreativa,2389,https://www.uniremington.edu.co/evento/rendicion-de-cuentas-uniremington-2023/
39408,publish,"Renta básica, derecho humano y alimentación",2021-05-25 20:07:58,masteruni,5240,https://www.uniremington.edu.co/evento/renta-basica-derecho-humano-y-alimentacion/
29854,publish,Repensemos nuestra vivencia en casa “Postales de cuarentena”,2020-05-12 19:19:53,masteruni,5329,https://www.uniremington.edu.co/evento/repensemos-nuestra-vivencia-en-casa-postales-de-cuarentena/
43246,publish,Requerimientos nutricionales de los bovinos,2022-03-28 23:07:09,masteruni,7751,https://www.uniremington.edu.co/evento/requerimientos-nutricionales-de-los-bovinos/
44861,publish,Resolución de conflictos y mediación,2022-06-08 15:31:55,masteruni,12375,https://www.uniremington.edu.co/evento/resolucion-de-conflictos-y-mediacion/
37814,publish,Responsabilidad social empresarial  y desarrollo sostenible,2021-03-15 13:15:57,masteruni,3839,https://www.uniremington.edu.co/evento/responsabilidad-social-empresarial-y-desarrollo-sostenible/
32120,draft,Retos del Derecho en tiempos del covid-19”,2020-07-31 00:12:20,masteruni,764,https://www.uniremington.edu.co/?post_type=tribe_events&p=32120
33762,draft,Retos futuros del ecosistema emprendedor,2020-09-24 19:53:00,masteruni,2792,https://www.uniremington.edu.co/?post_type=tribe_events&p=33762
37277,publish,Retos para la construcción de un sistema acusatorio,2021-02-18 14:55:31,masteruni,3915,https://www.uniremington.edu.co/evento/retos-para-la-construccion-de-un-sistema-acusatorio/
55122,publish,Reuniones con representantes estudiantiles,2024-02-26 22:26:58,webcreativa,2453,https://www.uniremington.edu.co/evento/reuniones-con-representantes-estudiantiles/
38927,draft,Riesgos de explotación sexual en internet,2021-05-06 15:15:52,masteruni,1829,https://www.uniremington.edu.co/?post_type=tribe_events&p=38927
38928,publish,Riesgos de explotación sexual en internet,2021-05-07 15:44:35,masteruni,3690,https://www.uniremington.edu.co/evento/riesgos-de-explotacion-sexual-en-internet/
31069,publish,Riesgos de lavados de activos y estados financieros,2020-06-25 19:38:16,webcreativa,3364,https://www.uniremington.edu.co/evento/riesgos-de-lavados-de-activos-y-estados-financieros/
33825,publish,Ruta de formación docente Curso virtual Pruebas Saber Pro,2020-10-01 14:30:06,masteruni,2529,https://www.uniremington.edu.co/evento/ruta-de-formacion-docente-curso-virtual-pruebas-saber-pro/
54792,publish,Ruta de Formación Profesional - 2024,2024-02-07 13:22:17,webcreativa,3662,https://www.uniremington.edu.co/evento/ruta-de-formacion-profesional-2024/
35045,publish,Salud sexual y reproductiva,2020-11-17 21:06:56,masteruni,2799,https://www.uniremington.edu.co/evento/salud-sexual-y-reproductiva/
43134,publish,SARLAFT - SAGRILAFT en las organizaciones,2022-03-14 14:05:01,masteruni,9493,https://www.uniremington.edu.co/evento/sarlaft-sagrilaft-en-las-organizaciones/
31271,publish,Sarlaft y prevención de lavado de activos,2020-07-01 23:20:52,masteruni,4339,https://www.uniremington.edu.co/evento/sarlaft-y-prevencion-de-lavado-de-activos/
29914,publish,Sede Uniremington Montería - Cursos vacacionales de inglés,2020-05-14 13:44:19,webcreativa,3292,https://www.uniremington.edu.co/evento/uniremington-monteria-cursos-de-ingles/
27976,draft,Segunda capacitación virtual Tus libros favoritos a un solo clic,2020-04-13 21:24:20,masteruni,934,https://www.uniremington.edu.co/?post_type=tribe_events&p=27976
43061,publish,Segunda edición de Paseo por la literatura,2022-03-09 13:35:08,masteruni,5100,https://www.uniremington.edu.co/evento/segunda-edicion-de-paseo-por-la-literatura/
23336,publish,Segunda Feria del Emprendimiento Uniremington 2019,2019-09-19 21:47:58,webcreativa,2854,https://www.uniremington.edu.co/evento/segunda-feria-del-emprendimiento-uniremington-2019/
30348,publish,Segundo conversatorio Gestión de las operaciones alimentarias,2020-06-18 13:56:16,masteruni,3657,https://www.uniremington.edu.co/evento/segundo-conversatorio-gestion-de-las-operaciones-alimentarias/
27358,draft,Segundo Encuentro de Actualización en Ciencias de la Salud  Sexta Actualización en Enfermería,2020-03-17 20:51:09,webcreativa,3216,https://www.uniremington.edu.co/?post_type=tribe_events&p=27358
32238,publish,Segundo módulo - Construcción y gestión de proyectos,2020-08-11 22:05:16,masteruni,5883,https://www.uniremington.edu.co/evento/segundo-modulo-construccion-y-gestion-de-proyectos/
31297,publish,Seguridad en la información en tiempos de pandemia,2020-07-03 15:13:51,masteruni,3222,https://www.uniremington.edu.co/evento/seguridad-en-la-informacion-en-tiempos-de-pandemia/
49053,publish,Seguridad y salud en el trabajo: ponencias temáticas,2023-03-29 13:35:47,masteruni,9794,https://www.uniremington.edu.co/evento/seguridad-y-salud-en-el-trabajo-ponencias-tematicas/
56224,draft,Semana de bienestar,2024-05-14 13:29:03,webcreativa,297,https://www.uniremington.edu.co/?post_type=tribe_events&p=56224
56231,draft,Semana de bienestar,2024-05-14 14:25:14,webcreativa,0,https://www.uniremington.edu.co/?post_type=tribe_events&p=56231
56232,publish,Semana de bienestar,2024-05-14 14:42:25,webcreativa,3280,https://www.uniremington.edu.co/evento/semana-de-bienestar/
34163,publish,Semana de emprendimiento e intraemprendimiento,2020-10-20 14:32:19,masteruni,6112,https://www.uniremington.edu.co/evento/semana-de-emprendimiento-e-intraemprendimiento/
23757,publish,Semana de la Investigación 2019,2019-10-01 19:57:02,webcreativa,1579,https://www.uniremington.edu.co/evento/semana-de-la-investigacion-2019/
32411,publish,Semana de la investigación 2020,2020-08-19 22:41:58,masteruni,5793,https://www.uniremington.edu.co/evento/semana-de-la-investigacion-2020/
58614,publish,Semana de la Investigación 2024,2024-09-20 15:57:01,webcreativa,18635,https://www.uniremington.edu.co/evento/semana-de-la-investigacion-2024-2/
65894,publish,Semana de la Investigación Uniremington - 2025,2025-10-16 16:46:09,acontreras,20861,https://www.uniremington.edu.co/evento/semana-de-la-investigacion-uniremington/
40755,publish,Semana de la Investigación Uniremington 2021,2021-08-31 19:44:13,masteruni,7068,https://www.uniremington.edu.co/evento/semana-de-la-investigacion-uniremington-2021/
58610,publish,Semana de la salud,2024-09-20 15:30:04,webcreativa,5594,https://www.uniremington.edu.co/evento/semana-de-la-salud-2/
51793,publish,Semana de la Salud en Uniremington Medellín,2023-09-15 19:18:08,masteruni,4364,https://www.uniremington.edu.co/evento/semana-de-la-salud-en-uniremington-medellin/
64458,publish,Semana de la Salud Uniremington 2025,2025-08-29 12:59:44,acontreras,26523,https://www.uniremington.edu.co/evento/semana-de-la-salud-uniremington-2025/
69295,publish,Semana de la Salud Uniremington 2026,2026-04-07 13:14:28,acontreras,16381,https://www.uniremington.edu.co/evento/semana-de-la-salud-uniremington-2026/
37003,publish,Semana del Contador Público - 2021,2021-02-10 20:17:47,masteruni,5354,https://www.uniremington.edu.co/evento/semana-del-contador-publico-2021/
26861,publish,Semana del contador Público 2020,2020-02-27 14:40:48,webcreativa,2146,https://www.uniremington.edu.co/evento/semana-del-contador-publico-2020/
48631,publish,Semana del Contador Público Uniremington - 2023,2023-02-21 15:07:38,masteruni,3135,https://www.uniremington.edu.co/evento/semana-del-contador-publico-uniremington-2023/
32657,publish,Semana del emprendimiento y concurso,2020-08-27 20:42:55,webcreativa,3417,https://www.uniremington.edu.co/evento/semana-del-emprendimiento-y-concurso/
66047,publish,Semana Internacional Uniremington 2025,2025-10-17 15:26:32,acontreras,211790,https://www.uniremington.edu.co/evento/semana-internacional-uniremington-2025/
69637,publish,Semana Internacional Uniremington 2026,2026-04-28 13:26:07,acontreras,96787,https://www.uniremington.edu.co/evento/semana-internacional-uniremington-2026/
20311,publish,Seminario - Actualización tributaria y Ley de Financiamiento,2019-07-02 15:51:40,webcreativa,1804,https://www.uniremington.edu.co/evento/seminario-actualizacion-tributaria-y-ley-de-financiamiento/
30727,publish,Seminario - Coaching ejecutivo y de equipos para potenciar la organización,2020-06-16 19:13:02,webcreativa,3934,https://www.uniremington.edu.co/evento/seminario-coaching-ejecutivo-y-de-equipos-para-potenciar-la-organizacion/
31395,publish,Seminario Claves para comerciar en el extranjero.,2020-07-03 22:54:17,webcreativa,2357,https://www.uniremington.edu.co/evento/seminario-claves-para-comerciar-en-el-extranjero/
33597,publish,Seminario de grado  Planeación Tributaria,2020-09-25 15:16:53,masteruni,5778,https://www.uniremington.edu.co/evento/seminario-de-grado-planeacion-tributaria/
30394,publish,Seminario de grado Big Data y Ciencia de datos,2020-06-05 21:12:49,masteruni,2974,https://www.uniremington.edu.co/evento/seminario-de-grado-big-data-y-ciencia-de-datos/
28823,publish,Seminario de grado virtual Ética en la ingeniería,2020-05-11 13:50:11,masteruni,4384,https://www.uniremington.edu.co/evento/seminario-de-grado-virtual-etica-en-la-ingenieria/
31354,draft,Seminario El ADN de las organizaciones exitosas.,2020-07-03 19:46:57,webcreativa,115,https://www.uniremington.edu.co/?post_type=tribe_events&p=31354
31356,publish,Seminario El ADN de las organizaciones exitosas.,2020-07-03 22:14:27,webcreativa,2337,https://www.uniremington.edu.co/evento/seminario-el-adn-de-las-organizaciones-exitosas/
31380,publish,"Seminario La Contaduría Pública, una solución para la crisis.",2020-07-03 22:11:08,webcreativa,2373,https://www.uniremington.edu.co/evento/seminario-la-contaduria-publica-una-solucion-para-la-crisis/
31376,publish,"Seminario La importancia del ingeniero de sistemas hoy, mañana y siempre.",2020-07-03 22:23:18,webcreativa,2345,https://www.uniremington.edu.co/evento/seminario-la-importancia-del-ingeniero-de-sistemas-hoy-manana-y-siempre/
31367,publish,Seminario Logística empresarial y su importancia en el emprendimiento.,2020-07-03 22:18:29,webcreativa,2338,https://www.uniremington.edu.co/evento/seminario-logistica-empresarial-y-su-importancia-en-el-emprendimiento/
63767,publish,Seminario sobre derecho electoral,2025-06-10 21:36:59,webcreativa,6834,https://www.uniremington.edu.co/evento/seminario-sobre-derecho-electoral/
29841,publish,Seminario virtual - Aplicaciones de las NIIF en el entorno económico actual,2020-05-20 15:02:37,webcreativa,3335,https://www.uniremington.edu.co/evento/aplicaciones-de-las-niif-en-el-entorno-economico-actual/
28565,publish,Seminario virtual Cultura para la innovación y el mejoramiento continuo,2020-05-04 16:48:10,masteruni,3505,https://www.uniremington.edu.co/evento/seminario-virtual-cultura-para-la-innovacion-y-el-mejoramiento-continuo/
33481,draft,Seminario virtual de grado  Planeación Tributaria,2020-09-16 15:03:54,masteruni,4357,https://www.uniremington.edu.co/?post_type=tribe_events&p=33481
27383,publish,Seminario virtual de Normas Internacionales de Información Financiera NIIF,2020-03-19 14:05:40,masteruni,3071,https://www.uniremington.edu.co/evento/seminario-virtual-de-normas-internacionales-de-informacion-financiera-niif/
28178,publish,Seminario virtual Dirección de la innovación: la transformación empresarial,2020-04-28 18:44:14,masteruni,3574,https://www.uniremington.edu.co/evento/seminario-virtual-direccion-de-la-innovacion-la-transformacion-empresarial/
28202,publish,Seminario virtual Gestión de la innovación tecnológica,2020-04-28 19:04:04,masteruni,3624,https://www.uniremington.edu.co/evento/seminario-virtual-gestion-de-la-innovacion-tecnologica/
28716,publish,Seminario virtual Gestión de los mercados financieros para la toma de decisiones empresariales,2020-05-06 19:23:16,masteruni,4593,https://www.uniremington.edu.co/evento/gestion-de-los-mercados-financieros-para-la-toma-de-decisiones-empresariales/
28523,publish,Seminario virtual Las TIC aplicadas al desarrollo pedagógico en el aula,2020-04-29 14:17:34,masteruni,3886,https://www.uniremington.edu.co/evento/seminario-virtual-las-tic-aplicadas-al-desarrollo-pedagogico-en-el-aula/
28593,draft,Seminario Virtual Las TIC Aplicadas al Desarrollo Pedagógico en las Aulas,2020-04-27 23:09:57,masteruni,1426,https://www.uniremington.edu.co/?post_type=tribe_events&p=28593
28307,publish,Seminario virtual Programación móvil con Flutter y Dart,2020-04-29 15:05:06,masteruni,3319,https://www.uniremington.edu.co/evento/seminario-virtual-programacion-movil-con-flutter-y-dart/
34275,publish,Seminarios de actualización,2020-10-16 20:07:19,masteruni,3770,https://www.uniremington.edu.co/evento/seminarios-de-actualizacion/
38324,publish,Seminarios de actualización,2021-04-05 14:14:03,masteruni,5462,https://www.uniremington.edu.co/evento/seminarios-de-actualizacion-2/
41566,publish,Seminarios de actualización y de grados,2021-10-22 22:43:33,masteruni,5532,https://www.uniremington.edu.co/evento/seminarios-de-actualizacion-y-de-grados/
42766,publish,Seminarios de actualización y de grados,2022-02-18 21:21:40,masteruni,6106,https://www.uniremington.edu.co/evento/seminarios-de-actualizacion-y-de-grados-2/
33891,publish,Sexto módulo – Medioambiente y recursos hídricos,2020-10-07 02:21:34,masteruni,7091,https://www.uniremington.edu.co/evento/sexto-modulo-medioambiente-y-recursos-hidricos/
27267,publish,Simposio de Ciencias Básicas Biomédicas,2020-05-06 16:39:27,masteruni,2870,https://www.uniremington.edu.co/evento/simposio-de-ciencias-basicas-biomedicas/
70080,publish,Simposio Internacional en Responsabilidad del Estado y Derecho Médico,2026-05-25 16:10:56,masteruni,11770,https://www.uniremington.edu.co/evento/simposio-internacional-en-responsabilidad-del-estado-y-derecho-medico/
62584,publish,Simposio internacional sobre cuidado en la salud,2025-03-07 14:16:34,webcreativa,6190,https://www.uniremington.edu.co/evento/simposio-internacional-sobre-cuidado-en-la-salud/
41309,publish,Simposio sobre obesidad,2021-10-06 15:44:52,masteruni,9603,https://www.uniremington.edu.co/evento/simposio-sobre-obesidad/
50231,publish,Simposio sobre urgencias psiquiátricas,2023-07-10 13:32:12,masteruni,6808,https://www.uniremington.edu.co/evento/simposio-sobre-urgencias-psiquiatricas/
38212,draft,Situación y prospectiva del sector TIC,2021-03-19 21:16:51,masteruni,4226,https://www.uniremington.edu.co/?post_type=tribe_events&p=38212
38317,publish,Situación y prospectiva del sector TIC,2021-04-05 21:29:15,masteruni,5291,https://www.uniremington.edu.co/evento/situacion-y-prospectiva-del-sector-tic/
36762,publish,Solución de problemas en procesos industriales,2021-02-08 15:04:31,masteruni,3560,https://www.uniremington.edu.co/evento/solucion-de-problemas-en-procesos-industriales/
41437,publish,Sondeo para definir diplomado,2021-10-12 21:15:27,masteruni,3267,https://www.uniremington.edu.co/evento/sondeo-para-definir-diplomado/
34060,publish,Sostenibilidad del sector agropecuario regional,2020-10-09 14:13:29,masteruni,688,https://www.uniremington.edu.co/evento/sostenibilidad-del-sector-agropecuario-regional/
26809,publish,TALLER DE NORMAS APA,2020-02-26 19:17:27,masteruni,3308,https://www.uniremington.edu.co/evento/taller-de-normas-apa/
25714,publish,Taller práctico - Planeación de cierre contable y tributario basado en las NIIF,2019-12-09 13:29:37,webcreativa,3651,https://www.uniremington.edu.co/evento/taller-practico-planeacion-de-cierre-contable-y-tributario-basado-en-las-niif/
23475,publish,Taller: Improvisa para la vida,2019-09-25 16:05:44,webcreativa,1901,https://www.uniremington.edu.co/evento/taller-improvisa-para-la-vida/
33897,publish,Tecnología actual y el sector empresarial,2020-10-07 02:01:18,masteruni,2981,https://www.uniremington.edu.co/evento/tecnologia-actual-y-el-sector-empresarial/
40004,publish,Tendencias y estrategias para la productividad,2021-07-02 21:27:41,masteruni,4192,https://www.uniremington.edu.co/evento/tendencias-y-estrategias-para-la-productividad/
39785,publish,Tendencias y herramientas en visibilidad de investigación,2021-06-18 19:50:34,masteruni,6929,https://www.uniremington.edu.co/evento/tendencias-y-herramientas-en-visibilidad-de-investigacion/
45919,publish,Tercer ciclo de Paseo por la literatura,2022-08-09 20:42:33,masteruni,6324,https://www.uniremington.edu.co/evento/tercer-ciclo-de-paseo-por-la-literatura/
30474,publish,Tercer conversatorio Operaciones alimentarias público-privadas de alimentos,2020-07-02 13:13:02,masteruni,3838,https://www.uniremington.edu.co/evento/tercer-conversatorio-operaciones-alimentarias-publico-privadas-de-alimentos/
23367,private,Tercer encuentro de Ingeniería Civil Uniremington,2019-09-20 14:02:35,webcreativa,3776,https://www.uniremington.edu.co/evento/23367/
32491,publish,"Tercer módulo – Estructura, sísmica y materiales",2020-08-21 23:03:17,masteruni,6803,https://www.uniremington.edu.co/evento/tercer-modulo-estructura-sismica-y-materiales/
28288,publish,Tercera capacitación virtual Tus libros favoritos a un solo clic,2020-04-21 19:32:59,masteruni,1793,https://www.uniremington.edu.co/evento/tercera-capacitacion-virtual-tus-libros-favoritos-a-un-solo-clic/
68396,publish,Tercera Feria de Empleabilidad Uniremington 2026,2026-02-18 16:35:15,acontreras,3698,https://www.uniremington.edu.co/evento/tercera-feria-de-empleabilidad-uniremington-2026/
37740,draft,Todo sobre el programa Delfín,2021-03-04 15:23:21,masteruni,3158,https://www.uniremington.edu.co/?post_type=tribe_events&p=37740
39957,publish,Toma decisiones conociendo sobre finanzas,2021-06-29 16:18:31,masteruni,4728,https://www.uniremington.edu.co/evento/toma-decisiones-conociendo-sobre-finanzas/
33925,publish,Transformaciones en tiempos de aislamiento,2020-10-07 12:55:56,masteruni,3125,https://www.uniremington.edu.co/evento/transformaciones-en-tiempos-de-aislamiento/
33807,publish,Transformación  en época de crisis,2020-10-05 13:28:06,masteruni,3024,https://www.uniremington.edu.co/evento/transformacion-en-epoca-de-crisis/
33035,publish,Transformación de ciudad y obra pública,2020-09-07 20:29:38,masteruni,3293,https://www.uniremington.edu.co/evento/transformacion-de-ciudad-y-obra-publica/
33769,publish,Transformación de los negocios en la actualidad,2020-09-25 15:31:03,masteruni,3189,https://www.uniremington.edu.co/evento/transformacion-de-los-negocios-en-la-actualidad/
44534,publish,Transparencia y prevención de delitos económicos,2022-06-02 20:24:32,masteruni,9103,https://www.uniremington.edu.co/evento/transparencia-y-prevencion-de-delitos-economicos/
27781,publish,Tus libros favoritos a un solo clic – Capacitación virtual,2020-04-01 13:24:21,masteruni,1423,https://www.uniremington.edu.co/evento/tus-libros-favoritos-a-un-solo-clic-capacitacion-virtual/
33110,publish,"Técnica versátil, amable y relajante",2020-09-10 16:21:25,masteruni,4488,https://www.uniremington.edu.co/evento/tecnica-versatil-amable-y-relajante/
41293,publish,Técnicas actuales de necropsia en ganado bovino,2021-10-05 21:43:46,masteruni,5448,https://www.uniremington.edu.co/evento/tecnicas-actuales-de-necropsia-en-ganado-bovino/
33900,draft,Un plan de ventas eficiente,2020-10-05 13:16:30,masteruni,2371,https://www.uniremington.edu.co/?post_type=tribe_events&p=33900
39321,publish,Una luz que nos ayuda a recorrer caminos,2021-05-24 14:08:33,masteruni,3916,https://www.uniremington.edu.co/evento/una-luz-que-nos-ayuda-a-recorrer-caminos/
59167,publish,Uniremington Global - Conociendo País / 2024-II,2024-10-08 12:29:27,webcreativa,7487,https://www.uniremington.edu.co/evento/uniremington-global-conociendo-pais-2024-ii/
48548,publish,Uniremington Intercultural abre sus puertas al Perú,2023-02-20 13:26:22,masteruni,4407,https://www.uniremington.edu.co/evento/uniremington-intercultural-abre-sus-puertas-al-peru/
33749,draft,Uniremington organiza evento internacional de Ciencias de la Salud,2020-09-24 16:05:10,masteruni,2178,https://www.uniremington.edu.co/?post_type=tribe_events&p=33749
33731,publish,Uniremington organiza evento internacional de Ciencias de la Salud,2020-10-27 20:36:15,masteruni,6155,https://www.uniremington.edu.co/evento/uniremington-organiza-evento-internacional-de-ciencias-de-la-salud/
43869,draft,Uniremington organiza jornadas de conciliación,2022-05-04 15:49:40,masteruni,4561,https://www.uniremington.edu.co/?post_type=tribe_events&p=43869
43857,publish,Uniremington organiza jornadas de conciliación,2022-05-03 21:40:42,masteruni,4493,https://www.uniremington.edu.co/evento/uniremington-organiza-jornadas-de-conciliacion/
68962,publish,Uniremington presenta su rendición de cuentas - 2025,2026-04-08 15:13:14,acontreras,3305,https://www.uniremington.edu.co/evento/uniremington-presenta-su-rendicion-de-cuentas-2025/
52623,publish,Uniremington se viste de España,2023-10-24 14:50:53,webcreativa,5573,https://www.uniremington.edu.co/evento/uniremington-se-viste-de-espana/
18070,publish,V Congreso Internacional - Crimen Económico y Fraude Financiero y Contable - 2019,2019-06-04 20:21:19,webcreativa,1498,https://www.uniremington.edu.co/evento/v-congreso-internacional-crimen-economico-y-fraude-financiero-y-contable-2019/
25764,private,V Congreso Internacional de Derecho Procesal Garantista y Constitucional,2019-12-18 19:59:14,webcreativa,4986,https://www.uniremington.edu.co/evento/v-congreso-internacional-de-derecho-procesal-garantista-y-constitucional/
27727,publish,V Semana de Emprendimiento e Intraemprendimiento 2020,2020-08-13 14:47:55,masteruni,3037,https://www.uniremington.edu.co/evento/v-semana-de-emprendimiento-e-intraemprendimiento-2020/
38073,publish,V Versión de la Lección Inaugural,2021-03-17 13:10:24,masteruni,5104,https://www.uniremington.edu.co/evento/v-version-de-la-leccion-inaugural/
30722,draft,Vacacional de ingles para modalidad distancia,2020-06-09 20:36:40,webcreativa,2955,https://www.uniremington.edu.co/?post_type=tribe_events&p=30722
30255,draft,Vacacionales de inglés,2020-05-26 13:53:14,webcreativa,3755,https://www.uniremington.edu.co/?post_type=tribe_events&p=30255
38517,publish,Vacacionales de inglés,2021-04-12 22:04:44,masteruni,3315,https://www.uniremington.edu.co/evento/vacacionales-de-ingles/
34352,publish,Vacacionales de inglés 2020-2,2020-10-22 21:03:30,masteruni,5100,https://www.uniremington.edu.co/evento/vacacionales-de-ingles-2020-2/
35455,publish,Vacacionales de la Facultad de Ingenierías,2020-12-01 14:42:22,masteruni,5623,https://www.uniremington.edu.co/evento/vacacionales-de-la-facultad-de-ingenierias/
35385,draft,Vacacionales Regencia de Farmacia,2020-11-26 20:08:05,masteruni,2717,https://www.uniremington.edu.co/?post_type=tribe_events&p=35385
32010,publish,Validar una idea de negocio,2020-08-27 20:05:08,masteruni,3467,https://www.uniremington.edu.co/evento/validar-una-idea-de-negocio/
42639,publish,Verano de investigación científica,2022-02-14 20:47:56,masteruni,7334,https://www.uniremington.edu.co/evento/verano-de-investigacion-cientifica/
26413,publish,Verano de la investigación científica y Tecnológica del pacífico,2020-02-11 20:09:27,masteruni,2391,https://www.uniremington.edu.co/evento/verano-de-la-investigacion-cientifica-y-tecnologica-del-pacifico/
20330,publish,VI Congreso Internacional de Ciencias de la Salud,2019-07-02 20:21:13,webcreativa,2767,https://www.uniremington.edu.co/evento/vi-congreso-internacional-de-ciencias-de-la-salud/
28707,draft,Videoconferencia La importancia de realizar un excelente trabajo de grado,2020-04-29 15:50:25,masteruni,2612,https://www.uniremington.edu.co/?post_type=tribe_events&p=28707
69032,publish,VII Encuentro Internacional y Multicampus de Semilleros de Investigación,2026-03-17 21:01:24,acontreras,5292,https://www.uniremington.edu.co/evento/vii-encuentro-internacional-y-multicampus-de-semilleros-de-investigacion/
31022,publish,Visitas en el hogar en época de pandemia,2020-06-19 20:12:25,webcreativa,2722,https://www.uniremington.edu.co/evento/visitas-en-el-hogar-en-epoca-de-pandemia/
28092,draft,Webinar ESPERANZA VS. CRISIS,2020-04-16 20:12:35,masteruni,2575,https://www.uniremington.edu.co/?post_type=tribe_events&p=28092
38438,publish,XII Simposio de Ciencias Básicas Biomédicas,2021-04-06 13:52:21,masteruni,4952,https://www.uniremington.edu.co/evento/xii-simposio-de-ciencias-basicas-biomedicas/
21976,publish,XIII encuentro Nacional de Extensión Universitaria,2019-07-24 16:00:58,webcreativa,1477,https://www.uniremington.edu.co/evento/xiii-encuentro-nacional-de-extension-universitaria/
38356,publish,XV Encuentro Regional  Red de Centros de Investigación Jurídica y Sociojurídica - Nodo Antioquia,2021-03-26 15:02:51,masteruni,5788,https://www.uniremington.edu.co/evento/xv-encuentro-regional-red-de-centros-de-investigacion-juridica-y-sociojuridica-nodo-antioquia/
48813,publish,¡Atrévete a elaborar un artículo científico sobre contabilidad!,2023-03-06 16:24:41,masteruni,3021,https://www.uniremington.edu.co/evento/atrevete-a-elaborar-un-articulo-cientifico-sobre-contabilidad/
35570,publish,¡Cocina con nosotros!,2020-12-04 22:59:41,masteruni,3029,https://www.uniremington.edu.co/evento/cocina-con-nosotros/
32323,publish,¡Consolida tu talento!,2020-08-14 19:18:30,masteruni,2153,https://www.uniremington.edu.co/evento/consolida-tu-talento/
32429,publish,¡Consolida tus competencias en seguridad y salud en el trabajo!,2020-08-20 22:03:59,webcreativa,2057,https://www.uniremington.edu.co/evento/consolida-tus-competencias-en-seguridad-y-salud-en-el-trabajo/
32381,publish,¡Conviértete en especialista en solo dos semestres!,2020-08-14 22:37:53,webcreativa,2439,https://www.uniremington.edu.co/evento/conviertete-en-especialista-en-solo-dos-semestres/
39615,publish,¡Es momento de actualizarse en áreas contables!,2021-06-02 20:16:32,masteruni,4255,https://www.uniremington.edu.co/evento/es-momento-de-actualizarse-en-areas-contables/
32410,publish,¡Fortalece tus competencias en el campo tributario!,2020-08-20 21:50:22,webcreativa,2618,https://www.uniremington.edu.co/evento/fortalece-tus-competencias-en-el-campo-tributario/
32394,publish,¡Fortalece tus competencias en el campo tributario!,2020-08-21 13:30:00,masteruni,2126,https://www.uniremington.edu.co/evento/fortalece-tus-competencias-en-el-campo-tributario-2/
39148,publish,¡Inscríbete para hacer parte del Cocola de Uniremington!,2021-05-13 19:52:35,masteruni,3477,https://www.uniremington.edu.co/evento/inscribete-para-hacer-parte-del-cocola-de-uniremington-2/
39035,publish,¡Inscríbete para hacer parte del Copasst de Uniremington!,2021-05-12 15:35:41,masteruni,3692,https://www.uniremington.edu.co/evento/inscribete-para-hacer-parte-del-copasst-de-uniremington/
48142,publish,¡Jornada de bienvenida e inducción en tu nueva U!,2022-12-13 20:59:39,masteruni,391,https://www.uniremington.edu.co/evento/jornada-de-bienvenida-e-induccion-en-tu-nueva-u/
70284,publish,¡La fiebre mundialista también llega a Uniremington Medellín!,2026-06-09 13:10:19,acontreras,14994,https://www.uniremington.edu.co/evento/fiebre-mundialista-llega-a-uniremington-medellin/
38878,publish,¡Sigue conectado con Uniremington!,2021-05-06 19:27:46,masteruni,4976,https://www.uniremington.edu.co/evento/sigue-conectado-con-uniremington/
33150,publish,Ámbito internacional de la auditoría,2020-09-21 19:26:05,masteruni,3845,https://www.uniremington.edu.co/evento/ambito-internacional-de-la-auditoria/
33959,publish,Ética y pandemia,2020-10-08 20:48:38,masteruni,3183,https://www.uniremington.edu.co/evento/etica-y-pandemia/
69483,publish,“Entre guayacanes se escriben historias”,2026-04-20 17:31:13,acontreras,5270,https://www.uniremington.edu.co/evento/entre-guayacanes-se-escriben-historias/
31884,publish,“Retos del Derecho en tiempos del Covid-19”,2020-07-21 20:04:31,webcreativa,1292,https://www.uniremington.edu.co/evento/retos-del-derecho-en-tiempos-del-covid-19/
32122,publish,“Retos del Derecho en tiempos del covid-19”,2020-08-04 19:20:09,masteruni,5229,https://www.uniremington.edu.co/evento/retos-del-derecho-en-tiempos-del-covid-19-2/
58581,publish,“Un legado que nos une”,2024-09-20 12:59:11,webcreativa,5055,https://www.uniremington.edu.co/evento/un-legado-que-nos-une/
